config_id,label,fold_id,operating_point,fpr_target,target_reached,threshold,benign_fp,benign_support,benign_fpr,ddos_recall,dos_recall,mqtt_recall,recon_recall,spoof_recall,macro_attack_family_recall,min_supported_family_recall,supported_families_present,fit_seconds,train_rows,val_rows
H0,baseline,0,primary,0.0025,True,0.9808829426765442,104,41622,0.002498678583441449,0.9660666666666666,0.9164333333333333,0.9965,0.5799769850402762,0.02148528724894909,0.8647442462600691,0.5799769850402762,DDoS|DoS|MQTT|Recon,7.519964249804616,505391,198914
H0,baseline,0,secondary,0.001,True,0.993057131767273,41,41622,0.0009850559800105713,0.7157666666666667,0.0026333333333333334,0.9954666666666667,0.5776754890678941,0.015413358243811303,0.5728855389336402,0.0026333333333333334,DDoS|DoS|MQTT|Recon,7.519964249804616,505391,198914
H0,baseline,1,primary,0.0025,True,0.9905573129653931,216,86435,0.002498987678602418,0.9991166666666667,0.9973166666666666,0.9287118210463919,0.6554054054054054,,0.8951376399462826,0.6554054054054054,DDoS|DoS|MQTT|Recon,6.738666833378375,465521,238784
H0,baseline,1,secondary,0.001,True,0.9955320358276367,85,86435,0.0009833979290796552,0.9987,0.99715,0.9269647146912926,0.5844594594594594,,0.8768185435376881,0.5844594594594594,DDoS|DoS|MQTT|Recon,6.738666833378375,465521,238784
H0,baseline,2,primary,0.0025,True,0.7956897020339966,192,83013,0.0023128907520508835,0.9995,0.99665,0.29986666666666667,0.9343335119366554,,0.8075875446508305,0.29986666666666667,DDoS|DoS|MQTT|Recon,7.418761749751866,437698,266607
H0,baseline,2,secondary,0.001,True,0.8456775546073914,83,83013,0.0009998433980219965,0.99945,0.9965666666666667,0.26916666666666667,0.9316246948859915,,0.7992020070548312,0.26916666666666667,DDoS|DoS|MQTT|Recon,7.418761749751866,437698,266607
H1,smaller_trees,0,primary,0.0025,True,0.9727997183799744,104,41622,0.002498678583441449,0.0014666666666666667,0.006083333333333333,0.9960666666666667,0.5799769850402762,0.021173906274326637,0.39589841292673567,0.0014666666666666667,DDoS|DoS|MQTT|Recon,5.093570375349373,505391,198914
H1,smaller_trees,0,secondary,0.001,True,0.9890859723091125,41,41622,0.0009850559800105713,0.00055,0.0051,0.9945,0.5765247410817032,0.01385645337069905,0.3941686852704258,0.00055,DDoS|DoS|MQTT|Recon,5.093570375349373,505391,198914
H1,smaller_trees,1,primary,0.0025,True,0.9753230810165405,216,86435,0.002498987678602418,0.9989666666666667,0.9972833333333333,0.9288990110130098,0.6925675675675675,,0.9044291446451442,0.6925675675675675,DDoS|DoS|MQTT|Recon,5.725292374845594,465521,238784
H1,smaller_trees,1,secondary,0.001,True,0.9881631135940552,86,86435,0.0009949673164805924,0.9987166666666667,0.9972,0.9265591364302873,0.6621621621621622,,0.896159491314779,0.6621621621621622,DDoS|DoS|MQTT|Recon,5.725292374845594,465521,238784
H1,smaller_trees,2,primary,0.0025,True,0.5119863152503967,205,83013,0.002469492730054329,0.99955,0.997,0.4385,0.9468952789188546,,0.8454863197297137,0.4385,DDoS|DoS|MQTT|Recon,5.035554708912969,437698,266607
H1,smaller_trees,2,secondary,0.001,True,0.605629563331604,79,83013,0.0009516581740209365,0.99955,0.9968,0.411,0.9425492647496577,,0.8374748161874145,0.411,DDoS|DoS|MQTT|Recon,5.035554708912969,437698,266607
H2,larger_trees,0,primary,0.0025,True,0.9814634919166565,104,41622,0.002498678583441449,0.96615,0.9159833333333334,0.9994333333333333,0.5799769850402762,0.02382064455861747,0.8653859129267357,0.5799769850402762,DDoS|DoS|MQTT|Recon,12.737046167254448,505391,198914
H2,larger_trees,0,secondary,0.001,True,0.9915635585784912,41,41622,0.0009850559800105713,0.9658666666666667,0.91595,0.9985,0.5788262370540852,0.01883854896465826,0.864785725930188,0.5788262370540852,DDoS|DoS|MQTT|Recon,12.737046167254448,505391,198914
H2,larger_trees,1,primary,0.0025,True,0.9958102107048035,216,86435,0.002498987678602418,0.9991166666666667,0.99745,0.9285246310797741,0.6993243243243243,,0.9061039055176914,0.6993243243243243,DDoS|DoS|MQTT|Recon,13.788356999866664,465521,238784
H2,larger_trees,1,secondary,0.001,True,0.9980360865592957,86,86435,0.0009949673164805924,0.9989333333333333,0.9971666666666666,0.9263095498081303,0.625,,0.8868523874520325,0.625,DDoS|DoS|MQTT|Recon,13.788356999866664,465521,238784
H2,larger_trees,2,primary,0.0025,True,0.8612378835678101,206,83013,0.002481539036054594,0.9995,0.9967333333333334,0.31403333333333333,0.9314758587843067,,0.8104356313627433,0.31403333333333333,DDoS|DoS|MQTT|Recon,13.652583417017013,437698,266607
H2,larger_trees,2,secondary,0.001,True,0.9229308366775513,80,83013,0.0009637044800212015,0.99945,0.99655,0.257,0.9279335595642079,,0.795233389891052,0.257,DDoS|DoS|MQTT|Recon,13.652583417017013,437698,266607
H3,larger_leaves,0,primary,0.0025,True,0.9859885573387146,104,41622,0.002498678583441449,0.9658333333333333,0.9159666666666667,0.9964666666666666,0.5799769850402762,0.02086252529970419,0.8645609129267358,0.5799769850402762,DDoS|DoS|MQTT|Recon,10.453675457742065,505391,198914
H3,larger_leaves,0,secondary,0.001,True,0.9946871399879456,41,41622,0.0009850559800105713,0.71575,0.002533333333333333,0.9955333333333334,0.5765247410817032,0.014167834345321501,0.5725853519370925,0.002533333333333333,DDoS|DoS|MQTT|Recon,10.453675457742065,505391,198914
H3,larger_leaves,1,primary,0.0025,True,0.991226077079773,216,86435,0.002498987678602418,0.99915,0.9972333333333333,0.9284622344242348,0.6655405405405406,,0.8975965270745272,0.6655405405405406,DDoS|DoS|MQTT|Recon,8.592958082910627,465521,238784
H3,larger_leaves,1,secondary,0.001,True,0.9960697889328003,86,86435,0.0009949673164805924,0.9989333333333333,0.997,0.9255295916138895,0.6182432432432432,,0.8849265420476164,0.6182432432432432,DDoS|DoS|MQTT|Recon,8.592958082910627,465521,238784
H3,larger_leaves,2,primary,0.0025,True,0.7092931270599365,200,83013,0.002409261200053004,0.9995333333333334,0.99675,0.3728666666666667,0.9398702149193309,,0.8272550537298328,0.3728666666666667,DDoS|DoS|MQTT|Recon,8.86199020780623,437698,266607
H3,larger_leaves,2,secondary,0.001,True,0.8006038665771484,81,83013,0.0009757507860214665,0.9995,0.9966166666666667,0.32353333333333334,0.9352860629874382,,0.8137340157468596,0.32353333333333334,DDoS|DoS|MQTT|Recon,8.86199020780623,437698,266607
H4,strongly_larger_leaves,0,primary,0.0025,True,0.9749874472618103,104,41622,0.002498678583441449,0.9617333333333333,0.91645,0.9974666666666666,0.5799769850402762,0.023353573096683792,0.863906746260069,0.5799769850402762,DDoS|DoS|MQTT|Recon,9.366210625041276,505391,198914
H4,strongly_larger_leaves,0,secondary,0.001,True,0.9913420081138611,41,41622,0.0009850559800105713,0.7157833333333333,0.0026,0.9960333333333333,0.5776754890678941,0.01712595360423478,0.5730230389336401,0.0026,DDoS|DoS|MQTT|Recon,9.366210625041276,505391,198914
H4,strongly_larger_leaves,1,primary,0.0025,True,0.9910140037536621,216,86435,0.002498987678602418,0.9991,0.9973833333333333,0.9278694661966118,0.6047297297297297,,0.8822706323149188,0.6047297297297297,DDoS|DoS|MQTT|Recon,9.03090712474659,465521,238784
H4,strongly_larger_leaves,1,secondary,0.001,True,0.9961214065551758,86,86435,0.0009949673164805924,0.9989166666666667,0.9971166666666667,0.9253735999750413,0.5202702702702703,,0.8604193008946612,0.5202702702702703,DDoS|DoS|MQTT|Recon,9.03090712474659,465521,238784
H4,strongly_larger_leaves,2,primary,0.0025,True,0.7490672469139099,204,83013,0.002457446424054064,0.9995166666666667,0.99685,0.34876666666666667,0.9378460439364172,,0.8207448443174377,0.34876666666666667,DDoS|DoS|MQTT|Recon,7.356472499668598,437698,266607
H4,strongly_larger_leaves,2,secondary,0.001,True,0.7997058033943176,83,83013,0.0009998433980219965,0.9995,0.99665,0.3202333333333333,0.9348693219027208,,0.8128131638090136,0.3202333333333333,DDoS|DoS|MQTT|Recon,7.356472499668598,437698,266607
H5,no_l2,0,primary,0.0025,True,0.9752122163772583,104,41622,0.002498678583441449,0.9659333333333333,0.9161666666666667,0.9978,0.5799769850402762,0.02413202553323992,0.8649692462600691,0.5799769850402762,DDoS|DoS|MQTT|Recon,9.036757708061486,505391,198914
H5,no_l2,0,secondary,0.001,True,0.9884394407272339,41,41622,0.0009850559800105713,0.9658333333333333,0.9159666666666667,0.9968,0.5776754890678941,0.015880429705744978,0.8640688722669736,0.5776754890678941,DDoS|DoS|MQTT|Recon,9.036757708061486,505391,198914
H5,no_l2,1,primary,0.0025,True,0.9901707172393799,216,86435,0.002498987678602418,0.9992166666666666,0.9973666666666666,0.9293357876017846,0.668918918918919,,0.8987095099635092,0.668918918918919,DDoS|DoS|MQTT|Recon,8.431994167156518,465521,238784
H5,no_l2,1,secondary,0.001,True,0.9947031736373901,86,86435,0.0009949673164805924,0.9991166666666667,0.9972166666666666,0.9275262845911459,0.6554054054054054,,0.8948162558324712,0.6554054054054054,DDoS|DoS|MQTT|Recon,8.431994167156518,465521,238784
H5,no_l2,2,primary,0.0025,True,0.8077555894851685,205,83013,0.002469492730054329,0.9995,0.9967666666666667,0.3945666666666667,0.934660951360362,,0.8313735711734238,0.3945666666666667,DDoS|DoS|MQTT|Recon,7.674034249968827,437698,266607
H5,no_l2,2,secondary,0.001,True,0.8562180995941162,82,83013,0.0009877970920217315,0.9994333333333333,0.9966,0.3582666666666667,0.9319521343096981,,0.8215630335774244,0.3582666666666667,DDoS|DoS|MQTT|Recon,7.674034249968827,437698,266607
H6,more_l2,0,primary,0.0025,True,0.9782620072364807,104,41622,0.002498678583441449,0.96675,0.91655,0.9966333333333334,0.5799769850402762,0.022419430172816442,0.8649775795934024,0.5799769850402762,DDoS|DoS|MQTT|Recon,8.480603500269353,505391,198914
H6,more_l2,0,secondary,0.001,True,0.9911607503890991,41,41622,0.0009850559800105713,0.9658666666666667,0.9163833333333333,0.9954,0.5776754890678941,0.014167834345321501,0.8638313722669735,0.5776754890678941,DDoS|DoS|MQTT|Recon,8.480603500269353,505391,198914
H6,more_l2,1,primary,0.0025,True,0.9911982417106628,216,86435,0.002498987678602418,0.99895,0.9973,0.927432689607837,0.6216216216216216,,0.8863260778073646,0.6216216216216216,DDoS|DoS|MQTT|Recon,7.800136291887611,465521,238784
H6,more_l2,1,secondary,0.001,True,0.9961023330688477,86,86435,0.0009949673164805924,0.9985,0.9971,0.923969675225408,0.5506756756756757,,0.8675613377252709,0.5506756756756757,DDoS|DoS|MQTT|Recon,7.800136291887611,465521,238784
H6,more_l2,2,primary,0.0025,True,0.711382269859314,198,83013,0.002385168588052474,0.9995333333333334,0.9968166666666667,0.4110333333333333,0.9393939393939394,,0.8366943181818182,0.4110333333333333,DDoS|DoS|MQTT|Recon,7.634934249799699,437698,266607
H6,more_l2,2,secondary,0.001,True,0.8036078810691833,82,83013,0.0009877970920217315,0.9995166666666667,0.9964833333333334,0.3676,0.9343930463773293,,0.8244982615943324,0.3676,DDoS|DoS|MQTT|Recon,7.634934249799699,437698,266607
H7,strong_l2,0,primary,0.0025,True,0.9718074798583984,104,41622,0.002498678583441449,0.9737833333333333,0.9229166666666667,0.9966,0.5811277330264673,0.020706834812392962,0.8686069332566169,0.5811277330264673,DDoS|DoS|MQTT|Recon,8.231136874761432,505391,198914
H7,strong_l2,0,secondary,0.001,True,0.9918253421783447,41,41622,0.0009850559800105713,0.9624,0.9182333333333333,0.9947,0.5776754890678941,0.009964191187918418,0.8632522056003069,0.5776754890678941,DDoS|DoS|MQTT|Recon,8.231136874761432,505391,198914
H7,strong_l2,1,primary,0.0025,True,0.9874449968338013,216,86435,0.002498987678602418,0.9987666666666667,0.9973333333333333,0.9278070695410726,0.597972972972973,,0.8804700106285115,0.597972972972973,DDoS|DoS|MQTT|Recon,7.636883208993822,465521,238784
H7,strong_l2,1,secondary,0.001,True,0.9941272735595703,86,86435,0.0009949673164805924,0.9981666666666666,0.9969833333333333,0.925747979908277,0.5135135135135135,,0.8586028733554476,0.5135135135135135,DDoS|DoS|MQTT|Recon,7.636883208993822,465521,238784
H7,strong_l2,2,primary,0.0025,True,0.6394004225730896,207,83013,0.002493585342054859,0.99955,0.9969833333333333,0.4237,0.9424004286479728,,0.8406584404953266,0.4237,DDoS|DoS|MQTT|Recon,7.918838541954756,437698,266607
H7,strong_l2,2,secondary,0.001,True,0.7840317487716675,82,83013,0.0009877970920217315,0.9995166666666667,0.9967,0.36723333333333336,0.9350479252247426,,0.8246244813061857,0.36723333333333336,DDoS|DoS|MQTT|Recon,7.918838541954756,437698,266607
H8,slower_boosting,0,primary,0.0025,True,0.9684585928916931,104,41622,0.002498678583441449,0.9661666666666666,0.9164666666666667,0.9987333333333334,0.5799769850402762,0.023976335045928693,0.8653359129267357,0.5799769850402762,DDoS|DoS|MQTT|Recon,14.511639166157693,505391,198914
H8,slower_boosting,0,secondary,0.001,True,0.9889786243438721,41,41622,0.0009850559800105713,0.7259666666666666,0.024616666666666665,0.998,0.5776754890678941,0.01650319165498988,0.5815647056003068,0.024616666666666665,DDoS|DoS|MQTT|Recon,14.511639166157693,505391,198914
H8,slower_boosting,1,primary,0.0025,True,0.9904378652572632,216,86435,0.002498987678602418,0.9991166666666667,0.9974,0.9285246310797741,0.6621621621621622,,0.8968008649771507,0.6621621621621622,DDoS|DoS|MQTT|Recon,14.438030207995325,465521,238784
H8,slower_boosting,1,secondary,0.001,True,0.9950324296951294,86,86435,0.0009949673164805924,0.9989833333333333,0.99735,0.926590334758057,0.625,,0.8869809170228475,0.625,DDoS|DoS|MQTT|Recon,14.438030207995325,465521,238784
H8,slower_boosting,2,primary,0.0025,True,0.6942824125289917,205,83013,0.002469492730054329,0.99955,0.9968333333333333,0.4084333333333333,0.9406739298684289,,0.8363726491337738,0.4084333333333333,DDoS|DoS|MQTT|Recon,15.401309999637306,437698,266607
H8,slower_boosting,2,secondary,0.001,True,0.7662888169288635,81,83013,0.0009757507860214665,0.9995,0.9965833333333334,0.38276666666666664,0.9361195451568732,,0.8287423862892183,0.38276666666666664,DDoS|DoS|MQTT|Recon,15.401309999637306,437698,266607
H9,faster_boosting,0,primary,0.0025,True,0.977097749710083,104,41622,0.002498678583441449,0.9658833333333333,0.91645,0.9977333333333334,0.5799769850402762,0.02382064455861747,0.8650109129267358,0.5799769850402762,DDoS|DoS|MQTT|Recon,6.490452500060201,505391,198914
H9,faster_boosting,0,secondary,0.001,True,0.9911099672317505,41,41622,0.0009850559800105713,0.7259166666666667,0.024366666666666665,0.9961666666666666,0.5788262370540852,0.01619181068036743,0.5813190592635212,0.024366666666666665,DDoS|DoS|MQTT|Recon,6.490452500060201,505391,198914
H9,faster_boosting,1,primary,0.0025,True,0.9924699664115906,216,86435,0.002498987678602418,0.9991666666666666,0.9973166666666666,0.928368639440926,0.6587837837837838,,0.8959089391395108,0.6587837837837838,DDoS|DoS|MQTT|Recon,5.6044868333265185,465521,238784
H9,faster_boosting,1,secondary,0.001,True,0.9963065981864929,86,86435,0.0009949673164805924,0.9989666666666667,0.9971666666666666,0.9252800049917325,0.5912162162162162,,0.8781573886353206,0.5912162162162162,DDoS|DoS|MQTT|Recon,5.6044868333265185,465521,238784
H9,faster_boosting,2,primary,0.0025,True,0.7922205924987793,198,83013,0.002385168588052474,0.9995,0.99685,0.2962666666666667,0.9347800202417098,,0.806849171727094,0.2962666666666667,DDoS|DoS|MQTT|Recon,5.878865291364491,437698,266607
H9,faster_boosting,2,secondary,0.001,True,0.8569056391716003,80,83013,0.0009637044800212015,0.9994666666666666,0.9964166666666666,0.25993333333333335,0.9298684288861107,,0.7964212738881943,0.25993333333333335,DDoS|DoS|MQTT|Recon,5.878865291364491,437698,266607
H10,feature_subsampling,0,primary,0.0025,True,0.9805000424385071,104,41622,0.002498678583441449,0.962,0.9165166666666666,0.9971333333333333,0.5799769850402762,0.021173906274326637,0.863906746260069,0.5799769850402762,DDoS|DoS|MQTT|Recon,8.743604457937181,505391,198914
H10,feature_subsampling,0,secondary,0.001,True,0.9908003211021423,41,41622,0.0009850559800105713,0.7157666666666667,0.0027,0.9948666666666667,0.5776754890678941,0.015413358243811303,0.5727522056003069,0.0027,DDoS|DoS|MQTT|Recon,8.743604457937181,505391,198914
H10,feature_subsampling,1,primary,0.0025,True,0.9888187646865845,216,86435,0.002498987678602418,0.9990666666666667,0.9973666666666666,0.9289926059963186,0.6385135135135135,,0.8909848632107914,0.6385135135135135,DDoS|DoS|MQTT|Recon,7.809082875028253,465521,238784
H10,feature_subsampling,1,secondary,0.001,True,0.9950833320617676,86,86435,0.0009949673164805924,0.9989666666666667,0.9971166666666667,0.9266527314135963,0.5540540540540541,,0.8691975297002459,0.5540540540540541,DDoS|DoS|MQTT|Recon,7.809082875028253,465521,238784
H10,feature_subsampling,2,primary,0.0025,True,0.7235832214355469,207,83013,0.002493585342054859,0.9995166666666667,0.99685,0.2899,0.9392451032922545,,0.8063779424897303,0.2899,DDoS|DoS|MQTT|Recon,7.035467875190079,437698,266607
H10,feature_subsampling,2,secondary,0.001,True,0.7851942181587219,81,83013,0.0009757507860214665,0.9994833333333333,0.9968333333333333,0.26306666666666667,0.935524200750134,,0.7987268835208667,0.26306666666666667,DDoS|DoS|MQTT|Recon,7.035467875190079,437698,266607
H11,regularized_combination,0,primary,0.0025,True,0.9781497120857239,104,41622,0.002498678583441449,0.14498333333333333,0.00915,0.9975,0.5799769850402762,0.02148528724894909,0.4329025795934024,0.00915,DDoS|DoS|MQTT|Recon,8.090252208057791,505391,198914
H11,regularized_combination,0,secondary,0.001,True,0.9876843690872192,41,41622,0.0009850559800105713,0.0022,0.00605,0.9963333333333333,0.5799769850402762,0.015569048731122529,0.39614007959340236,0.0022,DDoS|DoS|MQTT|Recon,8.090252208057791,505391,198914
H11,regularized_combination,1,primary,0.0025,True,0.9895695447921753,216,86435,0.002498987678602418,0.9989833333333333,0.9972833333333333,0.9280566561632296,0.5844594594594594,,0.877195695572339,0.5844594594594594,DDoS|DoS|MQTT|Recon,8.366134624928236,465521,238784
H11,regularized_combination,1,secondary,0.001,True,0.9940515756607056,86,86435,0.0009949673164805924,0.99835,0.9970833333333333,0.9264031447914391,0.4966216216216216,,0.8546145249365985,0.4966216216216216,DDoS|DoS|MQTT|Recon,8.366134624928236,465521,238784
H11,regularized_combination,2,primary,0.0025,True,0.7014443874359131,205,83013,0.002469492730054329,0.9995333333333334,0.9968166666666667,0.3545333333333333,0.9398404476989939,,0.8226809452580819,0.3545333333333333,DDoS|DoS|MQTT|Recon,8.261378208175302,437698,266607
H11,regularized_combination,2,secondary,0.001,True,0.7509622573852539,81,83013,0.0009757507860214665,0.9995,0.9967333333333334,0.3309666666666667,0.9364172173602429,,0.8159043043400608,0.3309666666666667,DDoS|DoS|MQTT|Recon,8.261378208175302,437698,266607
