scope,group,pcap_path,pcap_id,feature,window_count,nonzero_count,nonzero_rate
group,profiling benign,,,arp_request_ratio,133643,16583,0.12408431418031622
group,profiling benign,,,arp_reply_ratio,133643,15303,0.1145065585178423
group,profiling benign,,,arp_probe_ratio,133643,23,0.00017210029706007796
group,profiling benign,,,arp_gratuitous_ratio,133643,1502,0.011238897660184223
group,profiling benign,,,arp_sender_ip_conflict_count,133643,0,0.0
group,profiling benign,,,arp_sender_ip_conflict_ratio,133643,0,0.0
group,profiling benign,,,arp_max_macs_per_sender_ip,133643,19681,0.1472654759321476
group,profiling benign,,,arp_mapping_change_count,133643,0,0.0
group,profiling benign,,,arp_eth_src_sha_mismatch_ratio,133643,0,0.0
group,profiling benign,,,arp_unique_sender_ip_count,133643,19681,0.1472654759321476
group,profiling benign,,,arp_unique_sender_mac_count,133643,19681,0.1472654759321476
group,profiling benign,,,arp_ratio,133643,19684,0.14728792379698152
group,publisher benign,,,arp_request_ratio,77427,8479,0.10950960259341057
group,publisher benign,,,arp_reply_ratio,77427,8936,0.11541193640461338
group,publisher benign,,,arp_probe_ratio,77427,13,0.00016790008653312153
group,publisher benign,,,arp_gratuitous_ratio,77427,263,0.003396747904477766
group,publisher benign,,,arp_sender_ip_conflict_count,77427,5,6.457695635889289e-05
group,publisher benign,,,arp_sender_ip_conflict_ratio,77427,5,6.457695635889289e-05
group,publisher benign,,,arp_max_macs_per_sender_ip,77427,10227,0.13208570653647952
group,publisher benign,,,arp_mapping_change_count,77427,5,6.457695635889289e-05
group,publisher benign,,,arp_eth_src_sha_mismatch_ratio,77427,0,0.0
group,publisher benign,,,arp_unique_sender_ip_count,77427,10227,0.13208570653647952
group,publisher benign,,,arp_unique_sender_mac_count,77427,10227,0.13208570653647952
group,publisher benign,,,arp_ratio,77427,10234,0.13217611427538198
group,spoofing,,,arp_request_ratio,6423,424,0.06601276661995951
group,spoofing,,,arp_reply_ratio,6423,449,0.06990502880274015
group,spoofing,,,arp_probe_ratio,6423,0,0.0
group,spoofing,,,arp_gratuitous_ratio,6423,14,0.002179666822357154
group,spoofing,,,arp_sender_ip_conflict_count,6423,7,0.001089833411178577
group,spoofing,,,arp_sender_ip_conflict_ratio,6423,7,0.001089833411178577
group,spoofing,,,arp_max_macs_per_sender_ip,6423,610,0.09497119725984743
group,spoofing,,,arp_mapping_change_count,6423,7,0.001089833411178577
group,spoofing,,,arp_eth_src_sha_mismatch_ratio,6423,0,0.0
group,spoofing,,,arp_unique_sender_ip_count,6423,610,0.09497119725984743
group,spoofing,,,arp_unique_sender_mac_count,6423,610,0.09497119725984743
group,spoofing,,,arp_ratio,6423,610,0.09497119725984743
pcap,spoofing,data/raw/WiFI_and_MQTT/attacks/pcap/train/ARP_Spoofing_train.pcap,ARP_Spoofing_train-96f95da2dd4aca68,arp_request_ratio,6423,424,0.06601276661995951
pcap,spoofing,data/raw/WiFI_and_MQTT/attacks/pcap/train/ARP_Spoofing_train.pcap,ARP_Spoofing_train-96f95da2dd4aca68,arp_reply_ratio,6423,449,0.06990502880274015
pcap,spoofing,data/raw/WiFI_and_MQTT/attacks/pcap/train/ARP_Spoofing_train.pcap,ARP_Spoofing_train-96f95da2dd4aca68,arp_probe_ratio,6423,0,0.0
pcap,spoofing,data/raw/WiFI_and_MQTT/attacks/pcap/train/ARP_Spoofing_train.pcap,ARP_Spoofing_train-96f95da2dd4aca68,arp_gratuitous_ratio,6423,14,0.002179666822357154
pcap,spoofing,data/raw/WiFI_and_MQTT/attacks/pcap/train/ARP_Spoofing_train.pcap,ARP_Spoofing_train-96f95da2dd4aca68,arp_sender_ip_conflict_count,6423,7,0.001089833411178577
pcap,spoofing,data/raw/WiFI_and_MQTT/attacks/pcap/train/ARP_Spoofing_train.pcap,ARP_Spoofing_train-96f95da2dd4aca68,arp_sender_ip_conflict_ratio,6423,7,0.001089833411178577
pcap,spoofing,data/raw/WiFI_and_MQTT/attacks/pcap/train/ARP_Spoofing_train.pcap,ARP_Spoofing_train-96f95da2dd4aca68,arp_max_macs_per_sender_ip,6423,610,0.09497119725984743
pcap,spoofing,data/raw/WiFI_and_MQTT/attacks/pcap/train/ARP_Spoofing_train.pcap,ARP_Spoofing_train-96f95da2dd4aca68,arp_mapping_change_count,6423,7,0.001089833411178577
pcap,spoofing,data/raw/WiFI_and_MQTT/attacks/pcap/train/ARP_Spoofing_train.pcap,ARP_Spoofing_train-96f95da2dd4aca68,arp_eth_src_sha_mismatch_ratio,6423,0,0.0
pcap,spoofing,data/raw/WiFI_and_MQTT/attacks/pcap/train/ARP_Spoofing_train.pcap,ARP_Spoofing_train-96f95da2dd4aca68,arp_unique_sender_ip_count,6423,610,0.09497119725984743
pcap,spoofing,data/raw/WiFI_and_MQTT/attacks/pcap/train/ARP_Spoofing_train.pcap,ARP_Spoofing_train-96f95da2dd4aca68,arp_unique_sender_mac_count,6423,610,0.09497119725984743
pcap,spoofing,data/raw/WiFI_and_MQTT/attacks/pcap/train/ARP_Spoofing_train.pcap,ARP_Spoofing_train-96f95da2dd4aca68,arp_ratio,6423,610,0.09497119725984743
pcap,profiling benign,data/raw/WiFI_and_MQTT/profiling/PCAP/Active/Active.pcap,Active-75691db1b5d9bcb7,arp_request_ratio,41622,7118,0.1710153284320792
pcap,profiling benign,data/raw/WiFI_and_MQTT/profiling/PCAP/Active/Active.pcap,Active-75691db1b5d9bcb7,arp_reply_ratio,41622,5927,0.1424006535005526
pcap,profiling benign,data/raw/WiFI_and_MQTT/profiling/PCAP/Active/Active.pcap,Active-75691db1b5d9bcb7,arp_probe_ratio,41622,20,0.0004805151122002787
pcap,profiling benign,data/raw/WiFI_and_MQTT/profiling/PCAP/Active/Active.pcap,Active-75691db1b5d9bcb7,arp_gratuitous_ratio,41622,1486,0.035702272836480704
pcap,profiling benign,data/raw/WiFI_and_MQTT/profiling/PCAP/Active/Active.pcap,Active-75691db1b5d9bcb7,arp_sender_ip_conflict_count,41622,0,0.0
pcap,profiling benign,data/raw/WiFI_and_MQTT/profiling/PCAP/Active/Active.pcap,Active-75691db1b5d9bcb7,arp_sender_ip_conflict_ratio,41622,0,0.0
pcap,profiling benign,data/raw/WiFI_and_MQTT/profiling/PCAP/Active/Active.pcap,Active-75691db1b5d9bcb7,arp_max_macs_per_sender_ip,41622,9412,0.22613041180145116
pcap,profiling benign,data/raw/WiFI_and_MQTT/profiling/PCAP/Active/Active.pcap,Active-75691db1b5d9bcb7,arp_mapping_change_count,41622,0,0.0
pcap,profiling benign,data/raw/WiFI_and_MQTT/profiling/PCAP/Active/Active.pcap,Active-75691db1b5d9bcb7,arp_eth_src_sha_mismatch_ratio,41622,0,0.0
pcap,profiling benign,data/raw/WiFI_and_MQTT/profiling/PCAP/Active/Active.pcap,Active-75691db1b5d9bcb7,arp_unique_sender_ip_count,41622,9412,0.22613041180145116
pcap,profiling benign,data/raw/WiFI_and_MQTT/profiling/PCAP/Active/Active.pcap,Active-75691db1b5d9bcb7,arp_unique_sender_mac_count,41622,9412,0.22613041180145116
pcap,profiling benign,data/raw/WiFI_and_MQTT/profiling/PCAP/Active/Active.pcap,Active-75691db1b5d9bcb7,arp_ratio,41622,9415,0.2262024890682812
pcap,profiling benign,data/raw/WiFI_and_MQTT/profiling/PCAP/Broker/ActiveBroker.pcap,ActiveBroker-773ce2fbdc89f2e6,arp_request_ratio,79238,9392,0.11852898861657285
pcap,profiling benign,data/raw/WiFI_and_MQTT/profiling/PCAP/Broker/ActiveBroker.pcap,ActiveBroker-773ce2fbdc89f2e6,arp_reply_ratio,79238,9317,0.11758247305585703
pcap,profiling benign,data/raw/WiFI_and_MQTT/profiling/PCAP/Broker/ActiveBroker.pcap,ActiveBroker-773ce2fbdc89f2e6,arp_probe_ratio,79238,0,0.0
pcap,profiling benign,data/raw/WiFI_and_MQTT/profiling/PCAP/Broker/ActiveBroker.pcap,ActiveBroker-773ce2fbdc89f2e6,arp_gratuitous_ratio,79238,0,0.0
pcap,profiling benign,data/raw/WiFI_and_MQTT/profiling/PCAP/Broker/ActiveBroker.pcap,ActiveBroker-773ce2fbdc89f2e6,arp_sender_ip_conflict_count,79238,0,0.0
pcap,profiling benign,data/raw/WiFI_and_MQTT/profiling/PCAP/Broker/ActiveBroker.pcap,ActiveBroker-773ce2fbdc89f2e6,arp_sender_ip_conflict_ratio,79238,0,0.0
pcap,profiling benign,data/raw/WiFI_and_MQTT/profiling/PCAP/Broker/ActiveBroker.pcap,ActiveBroker-773ce2fbdc89f2e6,arp_max_macs_per_sender_ip,79238,10161,0.12823392816577905
pcap,profiling benign,data/raw/WiFI_and_MQTT/profiling/PCAP/Broker/ActiveBroker.pcap,ActiveBroker-773ce2fbdc89f2e6,arp_mapping_change_count,79238,0,0.0
pcap,profiling benign,data/raw/WiFI_and_MQTT/profiling/PCAP/Broker/ActiveBroker.pcap,ActiveBroker-773ce2fbdc89f2e6,arp_eth_src_sha_mismatch_ratio,79238,0,0.0
pcap,profiling benign,data/raw/WiFI_and_MQTT/profiling/PCAP/Broker/ActiveBroker.pcap,ActiveBroker-773ce2fbdc89f2e6,arp_unique_sender_ip_count,79238,10161,0.12823392816577905
pcap,profiling benign,data/raw/WiFI_and_MQTT/profiling/PCAP/Broker/ActiveBroker.pcap,ActiveBroker-773ce2fbdc89f2e6,arp_unique_sender_mac_count,79238,10161,0.12823392816577905
pcap,profiling benign,data/raw/WiFI_and_MQTT/profiling/PCAP/Broker/ActiveBroker.pcap,ActiveBroker-773ce2fbdc89f2e6,arp_ratio,79238,10161,0.12823392816577905
pcap,publisher benign,data/raw/WiFI_and_MQTT/attacks/pcap/train/Benign_train.pcap,Benign_train-afa71a594c44d5e9,arp_request_ratio,77427,8479,0.10950960259341057
pcap,publisher benign,data/raw/WiFI_and_MQTT/attacks/pcap/train/Benign_train.pcap,Benign_train-afa71a594c44d5e9,arp_reply_ratio,77427,8936,0.11541193640461338
pcap,publisher benign,data/raw/WiFI_and_MQTT/attacks/pcap/train/Benign_train.pcap,Benign_train-afa71a594c44d5e9,arp_probe_ratio,77427,13,0.00016790008653312153
pcap,publisher benign,data/raw/WiFI_and_MQTT/attacks/pcap/train/Benign_train.pcap,Benign_train-afa71a594c44d5e9,arp_gratuitous_ratio,77427,263,0.003396747904477766
pcap,publisher benign,data/raw/WiFI_and_MQTT/attacks/pcap/train/Benign_train.pcap,Benign_train-afa71a594c44d5e9,arp_sender_ip_conflict_count,77427,5,6.457695635889289e-05
pcap,publisher benign,data/raw/WiFI_and_MQTT/attacks/pcap/train/Benign_train.pcap,Benign_train-afa71a594c44d5e9,arp_sender_ip_conflict_ratio,77427,5,6.457695635889289e-05
pcap,publisher benign,data/raw/WiFI_and_MQTT/attacks/pcap/train/Benign_train.pcap,Benign_train-afa71a594c44d5e9,arp_max_macs_per_sender_ip,77427,10227,0.13208570653647952
pcap,publisher benign,data/raw/WiFI_and_MQTT/attacks/pcap/train/Benign_train.pcap,Benign_train-afa71a594c44d5e9,arp_mapping_change_count,77427,5,6.457695635889289e-05
pcap,publisher benign,data/raw/WiFI_and_MQTT/attacks/pcap/train/Benign_train.pcap,Benign_train-afa71a594c44d5e9,arp_eth_src_sha_mismatch_ratio,77427,0,0.0
pcap,publisher benign,data/raw/WiFI_and_MQTT/attacks/pcap/train/Benign_train.pcap,Benign_train-afa71a594c44d5e9,arp_unique_sender_ip_count,77427,10227,0.13208570653647952
pcap,publisher benign,data/raw/WiFI_and_MQTT/attacks/pcap/train/Benign_train.pcap,Benign_train-afa71a594c44d5e9,arp_unique_sender_mac_count,77427,10227,0.13208570653647952
pcap,publisher benign,data/raw/WiFI_and_MQTT/attacks/pcap/train/Benign_train.pcap,Benign_train-afa71a594c44d5e9,arp_ratio,77427,10234,0.13217611427538198
pcap,profiling benign,data/raw/WiFI_and_MQTT/profiling/PCAP/Interactions/Blink_Camera/Blink_Camera_LAN_MIC.pcap,Blink_Camera_LAN_MIC-de6bc19993839f4f,arp_request_ratio,857,0,0.0
pcap,profiling benign,data/raw/WiFI_and_MQTT/profiling/PCAP/Interactions/Blink_Camera/Blink_Camera_LAN_MIC.pcap,Blink_Camera_LAN_MIC-de6bc19993839f4f,arp_reply_ratio,857,0,0.0
pcap,profiling benign,data/raw/WiFI_and_MQTT/profiling/PCAP/Interactions/Blink_Camera/Blink_Camera_LAN_MIC.pcap,Blink_Camera_LAN_MIC-de6bc19993839f4f,arp_probe_ratio,857,0,0.0
pcap,profiling benign,data/raw/WiFI_and_MQTT/profiling/PCAP/Interactions/Blink_Camera/Blink_Camera_LAN_MIC.pcap,Blink_Camera_LAN_MIC-de6bc19993839f4f,arp_gratuitous_ratio,857,0,0.0
pcap,profiling benign,data/raw/WiFI_and_MQTT/profiling/PCAP/Interactions/Blink_Camera/Blink_Camera_LAN_MIC.pcap,Blink_Camera_LAN_MIC-de6bc19993839f4f,arp_sender_ip_conflict_count,857,0,0.0
pcap,profiling benign,data/raw/WiFI_and_MQTT/profiling/PCAP/Interactions/Blink_Camera/Blink_Camera_LAN_MIC.pcap,Blink_Camera_LAN_MIC-de6bc19993839f4f,arp_sender_ip_conflict_ratio,857,0,0.0
pcap,profiling benign,data/raw/WiFI_and_MQTT/profiling/PCAP/Interactions/Blink_Camera/Blink_Camera_LAN_MIC.pcap,Blink_Camera_LAN_MIC-de6bc19993839f4f,arp_max_macs_per_sender_ip,857,0,0.0
pcap,profiling benign,data/raw/WiFI_and_MQTT/profiling/PCAP/Interactions/Blink_Camera/Blink_Camera_LAN_MIC.pcap,Blink_Camera_LAN_MIC-de6bc19993839f4f,arp_mapping_change_count,857,0,0.0
pcap,profiling benign,data/raw/WiFI_and_MQTT/profiling/PCAP/Interactions/Blink_Camera/Blink_Camera_LAN_MIC.pcap,Blink_Camera_LAN_MIC-de6bc19993839f4f,arp_eth_src_sha_mismatch_ratio,857,0,0.0
pcap,profiling benign,data/raw/WiFI_and_MQTT/profiling/PCAP/Interactions/Blink_Camera/Blink_Camera_LAN_MIC.pcap,Blink_Camera_LAN_MIC-de6bc19993839f4f,arp_unique_sender_ip_count,857,0,0.0
pcap,profiling benign,data/raw/WiFI_and_MQTT/profiling/PCAP/Interactions/Blink_Camera/Blink_Camera_LAN_MIC.pcap,Blink_Camera_LAN_MIC-de6bc19993839f4f,arp_unique_sender_mac_count,857,0,0.0
pcap,profiling benign,data/raw/WiFI_and_MQTT/profiling/PCAP/Interactions/Blink_Camera/Blink_Camera_LAN_MIC.pcap,Blink_Camera_LAN_MIC-de6bc19993839f4f,arp_ratio,857,0,0.0
pcap,profiling benign,data/raw/WiFI_and_MQTT/profiling/PCAP/Interactions/Blink_Camera/Blink_Camera_LAN_WATCH.pcap,Blink_Camera_LAN_WATCH-3f8bf69fb1069588,arp_request_ratio,751,0,0.0
pcap,profiling benign,data/raw/WiFI_and_MQTT/profiling/PCAP/Interactions/Blink_Camera/Blink_Camera_LAN_WATCH.pcap,Blink_Camera_LAN_WATCH-3f8bf69fb1069588,arp_reply_ratio,751,0,0.0
pcap,profiling benign,data/raw/WiFI_and_MQTT/profiling/PCAP/Interactions/Blink_Camera/Blink_Camera_LAN_WATCH.pcap,Blink_Camera_LAN_WATCH-3f8bf69fb1069588,arp_probe_ratio,751,0,0.0
pcap,profiling benign,data/raw/WiFI_and_MQTT/profiling/PCAP/Interactions/Blink_Camera/Blink_Camera_LAN_WATCH.pcap,Blink_Camera_LAN_WATCH-3f8bf69fb1069588,arp_gratuitous_ratio,751,0,0.0
pcap,profiling benign,data/raw/WiFI_and_MQTT/profiling/PCAP/Interactions/Blink_Camera/Blink_Camera_LAN_WATCH.pcap,Blink_Camera_LAN_WATCH-3f8bf69fb1069588,arp_sender_ip_conflict_count,751,0,0.0
pcap,profiling benign,data/raw/WiFI_and_MQTT/profiling/PCAP/Interactions/Blink_Camera/Blink_Camera_LAN_WATCH.pcap,Blink_Camera_LAN_WATCH-3f8bf69fb1069588,arp_sender_ip_conflict_ratio,751,0,0.0
pcap,profiling benign,data/raw/WiFI_and_MQTT/profiling/PCAP/Interactions/Blink_Camera/Blink_Camera_LAN_WATCH.pcap,Blink_Camera_LAN_WATCH-3f8bf69fb1069588,arp_max_macs_per_sender_ip,751,0,0.0
pcap,profiling benign,data/raw/WiFI_and_MQTT/profiling/PCAP/Interactions/Blink_Camera/Blink_Camera_LAN_WATCH.pcap,Blink_Camera_LAN_WATCH-3f8bf69fb1069588,arp_mapping_change_count,751,0,0.0
pcap,profiling benign,data/raw/WiFI_and_MQTT/profiling/PCAP/Interactions/Blink_Camera/Blink_Camera_LAN_WATCH.pcap,Blink_Camera_LAN_WATCH-3f8bf69fb1069588,arp_eth_src_sha_mismatch_ratio,751,0,0.0
pcap,profiling benign,data/raw/WiFI_and_MQTT/profiling/PCAP/Interactions/Blink_Camera/Blink_Camera_LAN_WATCH.pcap,Blink_Camera_LAN_WATCH-3f8bf69fb1069588,arp_unique_sender_ip_count,751,0,0.0
pcap,profiling benign,data/raw/WiFI_and_MQTT/profiling/PCAP/Interactions/Blink_Camera/Blink_Camera_LAN_WATCH.pcap,Blink_Camera_LAN_WATCH-3f8bf69fb1069588,arp_unique_sender_mac_count,751,0,0.0
pcap,profiling benign,data/raw/WiFI_and_MQTT/profiling/PCAP/Interactions/Blink_Camera/Blink_Camera_LAN_WATCH.pcap,Blink_Camera_LAN_WATCH-3f8bf69fb1069588,arp_ratio,751,0,0.0
pcap,profiling benign,data/raw/WiFI_and_MQTT/profiling/PCAP/Interactions/Blink_Camera/Blink_Camera_WAN_MIC.pcap,Blink_Camera_WAN_MIC-e15dc3ec7ec45279,arp_request_ratio,885,0,0.0
pcap,profiling benign,data/raw/WiFI_and_MQTT/profiling/PCAP/Interactions/Blink_Camera/Blink_Camera_WAN_MIC.pcap,Blink_Camera_WAN_MIC-e15dc3ec7ec45279,arp_reply_ratio,885,0,0.0
pcap,profiling benign,data/raw/WiFI_and_MQTT/profiling/PCAP/Interactions/Blink_Camera/Blink_Camera_WAN_MIC.pcap,Blink_Camera_WAN_MIC-e15dc3ec7ec45279,arp_probe_ratio,885,0,0.0
pcap,profiling benign,data/raw/WiFI_and_MQTT/profiling/PCAP/Interactions/Blink_Camera/Blink_Camera_WAN_MIC.pcap,Blink_Camera_WAN_MIC-e15dc3ec7ec45279,arp_gratuitous_ratio,885,0,0.0
pcap,profiling benign,data/raw/WiFI_and_MQTT/profiling/PCAP/Interactions/Blink_Camera/Blink_Camera_WAN_MIC.pcap,Blink_Camera_WAN_MIC-e15dc3ec7ec45279,arp_sender_ip_conflict_count,885,0,0.0
pcap,profiling benign,data/raw/WiFI_and_MQTT/profiling/PCAP/Interactions/Blink_Camera/Blink_Camera_WAN_MIC.pcap,Blink_Camera_WAN_MIC-e15dc3ec7ec45279,arp_sender_ip_conflict_ratio,885,0,0.0
pcap,profiling benign,data/raw/WiFI_and_MQTT/profiling/PCAP/Interactions/Blink_Camera/Blink_Camera_WAN_MIC.pcap,Blink_Camera_WAN_MIC-e15dc3ec7ec45279,arp_max_macs_per_sender_ip,885,0,0.0
pcap,profiling benign,data/raw/WiFI_and_MQTT/profiling/PCAP/Interactions/Blink_Camera/Blink_Camera_WAN_MIC.pcap,Blink_Camera_WAN_MIC-e15dc3ec7ec45279,arp_mapping_change_count,885,0,0.0
pcap,profiling benign,data/raw/WiFI_and_MQTT/profiling/PCAP/Interactions/Blink_Camera/Blink_Camera_WAN_MIC.pcap,Blink_Camera_WAN_MIC-e15dc3ec7ec45279,arp_eth_src_sha_mismatch_ratio,885,0,0.0
pcap,profiling benign,data/raw/WiFI_and_MQTT/profiling/PCAP/Interactions/Blink_Camera/Blink_Camera_WAN_MIC.pcap,Blink_Camera_WAN_MIC-e15dc3ec7ec45279,arp_unique_sender_ip_count,885,0,0.0
pcap,profiling benign,data/raw/WiFI_and_MQTT/profiling/PCAP/Interactions/Blink_Camera/Blink_Camera_WAN_MIC.pcap,Blink_Camera_WAN_MIC-e15dc3ec7ec45279,arp_unique_sender_mac_count,885,0,0.0
pcap,profiling benign,data/raw/WiFI_and_MQTT/profiling/PCAP/Interactions/Blink_Camera/Blink_Camera_WAN_MIC.pcap,Blink_Camera_WAN_MIC-e15dc3ec7ec45279,arp_ratio,885,0,0.0
pcap,profiling benign,data/raw/WiFI_and_MQTT/profiling/PCAP/Interactions/Blink_Camera/Blink_Camera_WAN_WATCH.pcap,Blink_Camera_WAN_WATCH-d368ff79b64700f1,arp_request_ratio,632,0,0.0
pcap,profiling benign,data/raw/WiFI_and_MQTT/profiling/PCAP/Interactions/Blink_Camera/Blink_Camera_WAN_WATCH.pcap,Blink_Camera_WAN_WATCH-d368ff79b64700f1,arp_reply_ratio,632,0,0.0
pcap,profiling benign,data/raw/WiFI_and_MQTT/profiling/PCAP/Interactions/Blink_Camera/Blink_Camera_WAN_WATCH.pcap,Blink_Camera_WAN_WATCH-d368ff79b64700f1,arp_probe_ratio,632,0,0.0
pcap,profiling benign,data/raw/WiFI_and_MQTT/profiling/PCAP/Interactions/Blink_Camera/Blink_Camera_WAN_WATCH.pcap,Blink_Camera_WAN_WATCH-d368ff79b64700f1,arp_gratuitous_ratio,632,0,0.0
pcap,profiling benign,data/raw/WiFI_and_MQTT/profiling/PCAP/Interactions/Blink_Camera/Blink_Camera_WAN_WATCH.pcap,Blink_Camera_WAN_WATCH-d368ff79b64700f1,arp_sender_ip_conflict_count,632,0,0.0
pcap,profiling benign,data/raw/WiFI_and_MQTT/profiling/PCAP/Interactions/Blink_Camera/Blink_Camera_WAN_WATCH.pcap,Blink_Camera_WAN_WATCH-d368ff79b64700f1,arp_sender_ip_conflict_ratio,632,0,0.0
pcap,profiling benign,data/raw/WiFI_and_MQTT/profiling/PCAP/Interactions/Blink_Camera/Blink_Camera_WAN_WATCH.pcap,Blink_Camera_WAN_WATCH-d368ff79b64700f1,arp_max_macs_per_sender_ip,632,0,0.0
pcap,profiling benign,data/raw/WiFI_and_MQTT/profiling/PCAP/Interactions/Blink_Camera/Blink_Camera_WAN_WATCH.pcap,Blink_Camera_WAN_WATCH-d368ff79b64700f1,arp_mapping_change_count,632,0,0.0
pcap,profiling benign,data/raw/WiFI_and_MQTT/profiling/PCAP/Interactions/Blink_Camera/Blink_Camera_WAN_WATCH.pcap,Blink_Camera_WAN_WATCH-d368ff79b64700f1,arp_eth_src_sha_mismatch_ratio,632,0,0.0
pcap,profiling benign,data/raw/WiFI_and_MQTT/profiling/PCAP/Interactions/Blink_Camera/Blink_Camera_WAN_WATCH.pcap,Blink_Camera_WAN_WATCH-d368ff79b64700f1,arp_unique_sender_ip_count,632,0,0.0
pcap,profiling benign,data/raw/WiFI_and_MQTT/profiling/PCAP/Interactions/Blink_Camera/Blink_Camera_WAN_WATCH.pcap,Blink_Camera_WAN_WATCH-d368ff79b64700f1,arp_unique_sender_mac_count,632,0,0.0
pcap,profiling benign,data/raw/WiFI_and_MQTT/profiling/PCAP/Interactions/Blink_Camera/Blink_Camera_WAN_WATCH.pcap,Blink_Camera_WAN_WATCH-d368ff79b64700f1,arp_ratio,632,0,0.0
pcap,profiling benign,data/raw/WiFI_and_MQTT/profiling/PCAP/Power/Blink_Mini_Camera_Power.pcap,Blink_Mini_Camera_Power-ae915edb988f5bdc,arp_request_ratio,15,3,0.2
pcap,profiling benign,data/raw/WiFI_and_MQTT/profiling/PCAP/Power/Blink_Mini_Camera_Power.pcap,Blink_Mini_Camera_Power-ae915edb988f5bdc,arp_reply_ratio,15,3,0.2
pcap,profiling benign,data/raw/WiFI_and_MQTT/profiling/PCAP/Power/Blink_Mini_Camera_Power.pcap,Blink_Mini_Camera_Power-ae915edb988f5bdc,arp_probe_ratio,15,0,0.0
pcap,profiling benign,data/raw/WiFI_and_MQTT/profiling/PCAP/Power/Blink_Mini_Camera_Power.pcap,Blink_Mini_Camera_Power-ae915edb988f5bdc,arp_gratuitous_ratio,15,0,0.0
pcap,profiling benign,data/raw/WiFI_and_MQTT/profiling/PCAP/Power/Blink_Mini_Camera_Power.pcap,Blink_Mini_Camera_Power-ae915edb988f5bdc,arp_sender_ip_conflict_count,15,0,0.0
pcap,profiling benign,data/raw/WiFI_and_MQTT/profiling/PCAP/Power/Blink_Mini_Camera_Power.pcap,Blink_Mini_Camera_Power-ae915edb988f5bdc,arp_sender_ip_conflict_ratio,15,0,0.0
pcap,profiling benign,data/raw/WiFI_and_MQTT/profiling/PCAP/Power/Blink_Mini_Camera_Power.pcap,Blink_Mini_Camera_Power-ae915edb988f5bdc,arp_max_macs_per_sender_ip,15,3,0.2
pcap,profiling benign,data/raw/WiFI_and_MQTT/profiling/PCAP/Power/Blink_Mini_Camera_Power.pcap,Blink_Mini_Camera_Power-ae915edb988f5bdc,arp_mapping_change_count,15,0,0.0
pcap,profiling benign,data/raw/WiFI_and_MQTT/profiling/PCAP/Power/Blink_Mini_Camera_Power.pcap,Blink_Mini_Camera_Power-ae915edb988f5bdc,arp_eth_src_sha_mismatch_ratio,15,0,0.0
pcap,profiling benign,data/raw/WiFI_and_MQTT/profiling/PCAP/Power/Blink_Mini_Camera_Power.pcap,Blink_Mini_Camera_Power-ae915edb988f5bdc,arp_unique_sender_ip_count,15,3,0.2
pcap,profiling benign,data/raw/WiFI_and_MQTT/profiling/PCAP/Power/Blink_Mini_Camera_Power.pcap,Blink_Mini_Camera_Power-ae915edb988f5bdc,arp_unique_sender_mac_count,15,3,0.2
pcap,profiling benign,data/raw/WiFI_and_MQTT/profiling/PCAP/Power/Blink_Mini_Camera_Power.pcap,Blink_Mini_Camera_Power-ae915edb988f5bdc,arp_ratio,15,3,0.2
pcap,profiling benign,data/raw/WiFI_and_MQTT/profiling/PCAP/Interactions/Ecobee_Camera/Ecobee_Camera_LAN_MIC.pcap,Ecobee_Camera_LAN_MIC-bd23bc998ec6fbae,arp_request_ratio,1547,11,0.007110536522301228
pcap,profiling benign,data/raw/WiFI_and_MQTT/profiling/PCAP/Interactions/Ecobee_Camera/Ecobee_Camera_LAN_MIC.pcap,Ecobee_Camera_LAN_MIC-bd23bc998ec6fbae,arp_reply_ratio,1547,11,0.007110536522301228
pcap,profiling benign,data/raw/WiFI_and_MQTT/profiling/PCAP/Interactions/Ecobee_Camera/Ecobee_Camera_LAN_MIC.pcap,Ecobee_Camera_LAN_MIC-bd23bc998ec6fbae,arp_probe_ratio,1547,0,0.0
pcap,profiling benign,data/raw/WiFI_and_MQTT/profiling/PCAP/Interactions/Ecobee_Camera/Ecobee_Camera_LAN_MIC.pcap,Ecobee_Camera_LAN_MIC-bd23bc998ec6fbae,arp_gratuitous_ratio,1547,0,0.0
pcap,profiling benign,data/raw/WiFI_and_MQTT/profiling/PCAP/Interactions/Ecobee_Camera/Ecobee_Camera_LAN_MIC.pcap,Ecobee_Camera_LAN_MIC-bd23bc998ec6fbae,arp_sender_ip_conflict_count,1547,0,0.0
pcap,profiling benign,data/raw/WiFI_and_MQTT/profiling/PCAP/Interactions/Ecobee_Camera/Ecobee_Camera_LAN_MIC.pcap,Ecobee_Camera_LAN_MIC-bd23bc998ec6fbae,arp_sender_ip_conflict_ratio,1547,0,0.0
pcap,profiling benign,data/raw/WiFI_and_MQTT/profiling/PCAP/Interactions/Ecobee_Camera/Ecobee_Camera_LAN_MIC.pcap,Ecobee_Camera_LAN_MIC-bd23bc998ec6fbae,arp_max_macs_per_sender_ip,1547,22,0.014221073044602456
pcap,profiling benign,data/raw/WiFI_and_MQTT/profiling/PCAP/Interactions/Ecobee_Camera/Ecobee_Camera_LAN_MIC.pcap,Ecobee_Camera_LAN_MIC-bd23bc998ec6fbae,arp_mapping_change_count,1547,0,0.0
pcap,profiling benign,data/raw/WiFI_and_MQTT/profiling/PCAP/Interactions/Ecobee_Camera/Ecobee_Camera_LAN_MIC.pcap,Ecobee_Camera_LAN_MIC-bd23bc998ec6fbae,arp_eth_src_sha_mismatch_ratio,1547,0,0.0
pcap,profiling benign,data/raw/WiFI_and_MQTT/profiling/PCAP/Interactions/Ecobee_Camera/Ecobee_Camera_LAN_MIC.pcap,Ecobee_Camera_LAN_MIC-bd23bc998ec6fbae,arp_unique_sender_ip_count,1547,22,0.014221073044602456
pcap,profiling benign,data/raw/WiFI_and_MQTT/profiling/PCAP/Interactions/Ecobee_Camera/Ecobee_Camera_LAN_MIC.pcap,Ecobee_Camera_LAN_MIC-bd23bc998ec6fbae,arp_unique_sender_mac_count,1547,22,0.014221073044602456
pcap,profiling benign,data/raw/WiFI_and_MQTT/profiling/PCAP/Interactions/Ecobee_Camera/Ecobee_Camera_LAN_MIC.pcap,Ecobee_Camera_LAN_MIC-bd23bc998ec6fbae,arp_ratio,1547,22,0.014221073044602456
pcap,profiling benign,data/raw/WiFI_and_MQTT/profiling/PCAP/Interactions/Ecobee_Camera/Ecobee_Camera_LAN_WATCH.pcap,Ecobee_Camera_LAN_WATCH-86027c5a7abe11b1,arp_request_ratio,1464,9,0.006147540983606557
pcap,profiling benign,data/raw/WiFI_and_MQTT/profiling/PCAP/Interactions/Ecobee_Camera/Ecobee_Camera_LAN_WATCH.pcap,Ecobee_Camera_LAN_WATCH-86027c5a7abe11b1,arp_reply_ratio,1464,9,0.006147540983606557
pcap,profiling benign,data/raw/WiFI_and_MQTT/profiling/PCAP/Interactions/Ecobee_Camera/Ecobee_Camera_LAN_WATCH.pcap,Ecobee_Camera_LAN_WATCH-86027c5a7abe11b1,arp_probe_ratio,1464,0,0.0
pcap,profiling benign,data/raw/WiFI_and_MQTT/profiling/PCAP/Interactions/Ecobee_Camera/Ecobee_Camera_LAN_WATCH.pcap,Ecobee_Camera_LAN_WATCH-86027c5a7abe11b1,arp_gratuitous_ratio,1464,0,0.0
pcap,profiling benign,data/raw/WiFI_and_MQTT/profiling/PCAP/Interactions/Ecobee_Camera/Ecobee_Camera_LAN_WATCH.pcap,Ecobee_Camera_LAN_WATCH-86027c5a7abe11b1,arp_sender_ip_conflict_count,1464,0,0.0
pcap,profiling benign,data/raw/WiFI_and_MQTT/profiling/PCAP/Interactions/Ecobee_Camera/Ecobee_Camera_LAN_WATCH.pcap,Ecobee_Camera_LAN_WATCH-86027c5a7abe11b1,arp_sender_ip_conflict_ratio,1464,0,0.0
pcap,profiling benign,data/raw/WiFI_and_MQTT/profiling/PCAP/Interactions/Ecobee_Camera/Ecobee_Camera_LAN_WATCH.pcap,Ecobee_Camera_LAN_WATCH-86027c5a7abe11b1,arp_max_macs_per_sender_ip,1464,18,0.012295081967213115
pcap,profiling benign,data/raw/WiFI_and_MQTT/profiling/PCAP/Interactions/Ecobee_Camera/Ecobee_Camera_LAN_WATCH.pcap,Ecobee_Camera_LAN_WATCH-86027c5a7abe11b1,arp_mapping_change_count,1464,0,0.0
pcap,profiling benign,data/raw/WiFI_and_MQTT/profiling/PCAP/Interactions/Ecobee_Camera/Ecobee_Camera_LAN_WATCH.pcap,Ecobee_Camera_LAN_WATCH-86027c5a7abe11b1,arp_eth_src_sha_mismatch_ratio,1464,0,0.0
pcap,profiling benign,data/raw/WiFI_and_MQTT/profiling/PCAP/Interactions/Ecobee_Camera/Ecobee_Camera_LAN_WATCH.pcap,Ecobee_Camera_LAN_WATCH-86027c5a7abe11b1,arp_unique_sender_ip_count,1464,18,0.012295081967213115
pcap,profiling benign,data/raw/WiFI_and_MQTT/profiling/PCAP/Interactions/Ecobee_Camera/Ecobee_Camera_LAN_WATCH.pcap,Ecobee_Camera_LAN_WATCH-86027c5a7abe11b1,arp_unique_sender_mac_count,1464,18,0.012295081967213115
pcap,profiling benign,data/raw/WiFI_and_MQTT/profiling/PCAP/Interactions/Ecobee_Camera/Ecobee_Camera_LAN_WATCH.pcap,Ecobee_Camera_LAN_WATCH-86027c5a7abe11b1,arp_ratio,1464,18,0.012295081967213115
pcap,profiling benign,data/raw/WiFI_and_MQTT/profiling/PCAP/Power/Ecobee_Camera_Power.pcap,Ecobee_Camera_Power-670935afbd6dd632,arp_request_ratio,90,9,0.1
pcap,profiling benign,data/raw/WiFI_and_MQTT/profiling/PCAP/Power/Ecobee_Camera_Power.pcap,Ecobee_Camera_Power-670935afbd6dd632,arp_reply_ratio,90,3,0.03333333333333333
pcap,profiling benign,data/raw/WiFI_and_MQTT/profiling/PCAP/Power/Ecobee_Camera_Power.pcap,Ecobee_Camera_Power-670935afbd6dd632,arp_probe_ratio,90,3,0.03333333333333333
pcap,profiling benign,data/raw/WiFI_and_MQTT/profiling/PCAP/Power/Ecobee_Camera_Power.pcap,Ecobee_Camera_Power-670935afbd6dd632,arp_gratuitous_ratio,90,6,0.06666666666666667
pcap,profiling benign,data/raw/WiFI_and_MQTT/profiling/PCAP/Power/Ecobee_Camera_Power.pcap,Ecobee_Camera_Power-670935afbd6dd632,arp_sender_ip_conflict_count,90,0,0.0
pcap,profiling benign,data/raw/WiFI_and_MQTT/profiling/PCAP/Power/Ecobee_Camera_Power.pcap,Ecobee_Camera_Power-670935afbd6dd632,arp_sender_ip_conflict_ratio,90,0,0.0
pcap,profiling benign,data/raw/WiFI_and_MQTT/profiling/PCAP/Power/Ecobee_Camera_Power.pcap,Ecobee_Camera_Power-670935afbd6dd632,arp_max_macs_per_sender_ip,90,9,0.1
pcap,profiling benign,data/raw/WiFI_and_MQTT/profiling/PCAP/Power/Ecobee_Camera_Power.pcap,Ecobee_Camera_Power-670935afbd6dd632,arp_mapping_change_count,90,0,0.0
pcap,profiling benign,data/raw/WiFI_and_MQTT/profiling/PCAP/Power/Ecobee_Camera_Power.pcap,Ecobee_Camera_Power-670935afbd6dd632,arp_eth_src_sha_mismatch_ratio,90,0,0.0
pcap,profiling benign,data/raw/WiFI_and_MQTT/profiling/PCAP/Power/Ecobee_Camera_Power.pcap,Ecobee_Camera_Power-670935afbd6dd632,arp_unique_sender_ip_count,90,9,0.1
pcap,profiling benign,data/raw/WiFI_and_MQTT/profiling/PCAP/Power/Ecobee_Camera_Power.pcap,Ecobee_Camera_Power-670935afbd6dd632,arp_unique_sender_mac_count,90,9,0.1
pcap,profiling benign,data/raw/WiFI_and_MQTT/profiling/PCAP/Power/Ecobee_Camera_Power.pcap,Ecobee_Camera_Power-670935afbd6dd632,arp_ratio,90,9,0.1
pcap,profiling benign,data/raw/WiFI_and_MQTT/profiling/PCAP/Interactions/Ecobee_Camera/Ecobee_Camera_WAN_MIC.pcap,Ecobee_Camera_WAN_MIC-9f00e38f021daf12,arp_request_ratio,1433,0,0.0
pcap,profiling benign,data/raw/WiFI_and_MQTT/profiling/PCAP/Interactions/Ecobee_Camera/Ecobee_Camera_WAN_MIC.pcap,Ecobee_Camera_WAN_MIC-9f00e38f021daf12,arp_reply_ratio,1433,0,0.0
pcap,profiling benign,data/raw/WiFI_and_MQTT/profiling/PCAP/Interactions/Ecobee_Camera/Ecobee_Camera_WAN_MIC.pcap,Ecobee_Camera_WAN_MIC-9f00e38f021daf12,arp_probe_ratio,1433,0,0.0
pcap,profiling benign,data/raw/WiFI_and_MQTT/profiling/PCAP/Interactions/Ecobee_Camera/Ecobee_Camera_WAN_MIC.pcap,Ecobee_Camera_WAN_MIC-9f00e38f021daf12,arp_gratuitous_ratio,1433,0,0.0
pcap,profiling benign,data/raw/WiFI_and_MQTT/profiling/PCAP/Interactions/Ecobee_Camera/Ecobee_Camera_WAN_MIC.pcap,Ecobee_Camera_WAN_MIC-9f00e38f021daf12,arp_sender_ip_conflict_count,1433,0,0.0
pcap,profiling benign,data/raw/WiFI_and_MQTT/profiling/PCAP/Interactions/Ecobee_Camera/Ecobee_Camera_WAN_MIC.pcap,Ecobee_Camera_WAN_MIC-9f00e38f021daf12,arp_sender_ip_conflict_ratio,1433,0,0.0
pcap,profiling benign,data/raw/WiFI_and_MQTT/profiling/PCAP/Interactions/Ecobee_Camera/Ecobee_Camera_WAN_MIC.pcap,Ecobee_Camera_WAN_MIC-9f00e38f021daf12,arp_max_macs_per_sender_ip,1433,0,0.0
pcap,profiling benign,data/raw/WiFI_and_MQTT/profiling/PCAP/Interactions/Ecobee_Camera/Ecobee_Camera_WAN_MIC.pcap,Ecobee_Camera_WAN_MIC-9f00e38f021daf12,arp_mapping_change_count,1433,0,0.0
pcap,profiling benign,data/raw/WiFI_and_MQTT/profiling/PCAP/Interactions/Ecobee_Camera/Ecobee_Camera_WAN_MIC.pcap,Ecobee_Camera_WAN_MIC-9f00e38f021daf12,arp_eth_src_sha_mismatch_ratio,1433,0,0.0
pcap,profiling benign,data/raw/WiFI_and_MQTT/profiling/PCAP/Interactions/Ecobee_Camera/Ecobee_Camera_WAN_MIC.pcap,Ecobee_Camera_WAN_MIC-9f00e38f021daf12,arp_unique_sender_ip_count,1433,0,0.0
pcap,profiling benign,data/raw/WiFI_and_MQTT/profiling/PCAP/Interactions/Ecobee_Camera/Ecobee_Camera_WAN_MIC.pcap,Ecobee_Camera_WAN_MIC-9f00e38f021daf12,arp_unique_sender_mac_count,1433,0,0.0
pcap,profiling benign,data/raw/WiFI_and_MQTT/profiling/PCAP/Interactions/Ecobee_Camera/Ecobee_Camera_WAN_MIC.pcap,Ecobee_Camera_WAN_MIC-9f00e38f021daf12,arp_ratio,1433,0,0.0
pcap,profiling benign,data/raw/WiFI_and_MQTT/profiling/PCAP/Interactions/Ecobee_Camera/Ecobee_Camera_WAN_WATCH.pcap,Ecobee_Camera_WAN_WATCH-d8fd5b4e4a5384d9,arp_request_ratio,1334,0,0.0
pcap,profiling benign,data/raw/WiFI_and_MQTT/profiling/PCAP/Interactions/Ecobee_Camera/Ecobee_Camera_WAN_WATCH.pcap,Ecobee_Camera_WAN_WATCH-d8fd5b4e4a5384d9,arp_reply_ratio,1334,0,0.0
pcap,profiling benign,data/raw/WiFI_and_MQTT/profiling/PCAP/Interactions/Ecobee_Camera/Ecobee_Camera_WAN_WATCH.pcap,Ecobee_Camera_WAN_WATCH-d8fd5b4e4a5384d9,arp_probe_ratio,1334,0,0.0
pcap,profiling benign,data/raw/WiFI_and_MQTT/profiling/PCAP/Interactions/Ecobee_Camera/Ecobee_Camera_WAN_WATCH.pcap,Ecobee_Camera_WAN_WATCH-d8fd5b4e4a5384d9,arp_gratuitous_ratio,1334,0,0.0
pcap,profiling benign,data/raw/WiFI_and_MQTT/profiling/PCAP/Interactions/Ecobee_Camera/Ecobee_Camera_WAN_WATCH.pcap,Ecobee_Camera_WAN_WATCH-d8fd5b4e4a5384d9,arp_sender_ip_conflict_count,1334,0,0.0
pcap,profiling benign,data/raw/WiFI_and_MQTT/profiling/PCAP/Interactions/Ecobee_Camera/Ecobee_Camera_WAN_WATCH.pcap,Ecobee_Camera_WAN_WATCH-d8fd5b4e4a5384d9,arp_sender_ip_conflict_ratio,1334,0,0.0
pcap,profiling benign,data/raw/WiFI_and_MQTT/profiling/PCAP/Interactions/Ecobee_Camera/Ecobee_Camera_WAN_WATCH.pcap,Ecobee_Camera_WAN_WATCH-d8fd5b4e4a5384d9,arp_max_macs_per_sender_ip,1334,0,0.0
pcap,profiling benign,data/raw/WiFI_and_MQTT/profiling/PCAP/Interactions/Ecobee_Camera/Ecobee_Camera_WAN_WATCH.pcap,Ecobee_Camera_WAN_WATCH-d8fd5b4e4a5384d9,arp_mapping_change_count,1334,0,0.0
pcap,profiling benign,data/raw/WiFI_and_MQTT/profiling/PCAP/Interactions/Ecobee_Camera/Ecobee_Camera_WAN_WATCH.pcap,Ecobee_Camera_WAN_WATCH-d8fd5b4e4a5384d9,arp_eth_src_sha_mismatch_ratio,1334,0,0.0
pcap,profiling benign,data/raw/WiFI_and_MQTT/profiling/PCAP/Interactions/Ecobee_Camera/Ecobee_Camera_WAN_WATCH.pcap,Ecobee_Camera_WAN_WATCH-d8fd5b4e4a5384d9,arp_unique_sender_ip_count,1334,0,0.0
pcap,profiling benign,data/raw/WiFI_and_MQTT/profiling/PCAP/Interactions/Ecobee_Camera/Ecobee_Camera_WAN_WATCH.pcap,Ecobee_Camera_WAN_WATCH-d8fd5b4e4a5384d9,arp_unique_sender_mac_count,1334,0,0.0
pcap,profiling benign,data/raw/WiFI_and_MQTT/profiling/PCAP/Interactions/Ecobee_Camera/Ecobee_Camera_WAN_WATCH.pcap,Ecobee_Camera_WAN_WATCH-d8fd5b4e4a5384d9,arp_ratio,1334,0,0.0
pcap,profiling benign,data/raw/WiFI_and_MQTT/profiling/PCAP/Interactions/M1T_Camera/M1T_Camera_LAN_MIC.pcap,M1T_Camera_LAN_MIC-82292e094d4c92fc,arp_request_ratio,643,6,0.00933125972006221
pcap,profiling benign,data/raw/WiFI_and_MQTT/profiling/PCAP/Interactions/M1T_Camera/M1T_Camera_LAN_MIC.pcap,M1T_Camera_LAN_MIC-82292e094d4c92fc,arp_reply_ratio,643,6,0.00933125972006221
pcap,profiling benign,data/raw/WiFI_and_MQTT/profiling/PCAP/Interactions/M1T_Camera/M1T_Camera_LAN_MIC.pcap,M1T_Camera_LAN_MIC-82292e094d4c92fc,arp_probe_ratio,643,0,0.0
pcap,profiling benign,data/raw/WiFI_and_MQTT/profiling/PCAP/Interactions/M1T_Camera/M1T_Camera_LAN_MIC.pcap,M1T_Camera_LAN_MIC-82292e094d4c92fc,arp_gratuitous_ratio,643,0,0.0
pcap,profiling benign,data/raw/WiFI_and_MQTT/profiling/PCAP/Interactions/M1T_Camera/M1T_Camera_LAN_MIC.pcap,M1T_Camera_LAN_MIC-82292e094d4c92fc,arp_sender_ip_conflict_count,643,0,0.0
pcap,profiling benign,data/raw/WiFI_and_MQTT/profiling/PCAP/Interactions/M1T_Camera/M1T_Camera_LAN_MIC.pcap,M1T_Camera_LAN_MIC-82292e094d4c92fc,arp_sender_ip_conflict_ratio,643,0,0.0
pcap,profiling benign,data/raw/WiFI_and_MQTT/profiling/PCAP/Interactions/M1T_Camera/M1T_Camera_LAN_MIC.pcap,M1T_Camera_LAN_MIC-82292e094d4c92fc,arp_max_macs_per_sender_ip,643,12,0.01866251944012442
pcap,profiling benign,data/raw/WiFI_and_MQTT/profiling/PCAP/Interactions/M1T_Camera/M1T_Camera_LAN_MIC.pcap,M1T_Camera_LAN_MIC-82292e094d4c92fc,arp_mapping_change_count,643,0,0.0
pcap,profiling benign,data/raw/WiFI_and_MQTT/profiling/PCAP/Interactions/M1T_Camera/M1T_Camera_LAN_MIC.pcap,M1T_Camera_LAN_MIC-82292e094d4c92fc,arp_eth_src_sha_mismatch_ratio,643,0,0.0
pcap,profiling benign,data/raw/WiFI_and_MQTT/profiling/PCAP/Interactions/M1T_Camera/M1T_Camera_LAN_MIC.pcap,M1T_Camera_LAN_MIC-82292e094d4c92fc,arp_unique_sender_ip_count,643,12,0.01866251944012442
pcap,profiling benign,data/raw/WiFI_and_MQTT/profiling/PCAP/Interactions/M1T_Camera/M1T_Camera_LAN_MIC.pcap,M1T_Camera_LAN_MIC-82292e094d4c92fc,arp_unique_sender_mac_count,643,12,0.01866251944012442
pcap,profiling benign,data/raw/WiFI_and_MQTT/profiling/PCAP/Interactions/M1T_Camera/M1T_Camera_LAN_MIC.pcap,M1T_Camera_LAN_MIC-82292e094d4c92fc,arp_ratio,643,12,0.01866251944012442
pcap,profiling benign,data/raw/WiFI_and_MQTT/profiling/PCAP/Interactions/M1T_Camera/M1T_Camera_LAN_PHOTO.pcap,M1T_Camera_LAN_PHOTO-5c311124058e65a8,arp_request_ratio,56,0,0.0
pcap,profiling benign,data/raw/WiFI_and_MQTT/profiling/PCAP/Interactions/M1T_Camera/M1T_Camera_LAN_PHOTO.pcap,M1T_Camera_LAN_PHOTO-5c311124058e65a8,arp_reply_ratio,56,0,0.0
pcap,profiling benign,data/raw/WiFI_and_MQTT/profiling/PCAP/Interactions/M1T_Camera/M1T_Camera_LAN_PHOTO.pcap,M1T_Camera_LAN_PHOTO-5c311124058e65a8,arp_probe_ratio,56,0,0.0
pcap,profiling benign,data/raw/WiFI_and_MQTT/profiling/PCAP/Interactions/M1T_Camera/M1T_Camera_LAN_PHOTO.pcap,M1T_Camera_LAN_PHOTO-5c311124058e65a8,arp_gratuitous_ratio,56,0,0.0
pcap,profiling benign,data/raw/WiFI_and_MQTT/profiling/PCAP/Interactions/M1T_Camera/M1T_Camera_LAN_PHOTO.pcap,M1T_Camera_LAN_PHOTO-5c311124058e65a8,arp_sender_ip_conflict_count,56,0,0.0
pcap,profiling benign,data/raw/WiFI_and_MQTT/profiling/PCAP/Interactions/M1T_Camera/M1T_Camera_LAN_PHOTO.pcap,M1T_Camera_LAN_PHOTO-5c311124058e65a8,arp_sender_ip_conflict_ratio,56,0,0.0
pcap,profiling benign,data/raw/WiFI_and_MQTT/profiling/PCAP/Interactions/M1T_Camera/M1T_Camera_LAN_PHOTO.pcap,M1T_Camera_LAN_PHOTO-5c311124058e65a8,arp_max_macs_per_sender_ip,56,0,0.0
pcap,profiling benign,data/raw/WiFI_and_MQTT/profiling/PCAP/Interactions/M1T_Camera/M1T_Camera_LAN_PHOTO.pcap,M1T_Camera_LAN_PHOTO-5c311124058e65a8,arp_mapping_change_count,56,0,0.0
pcap,profiling benign,data/raw/WiFI_and_MQTT/profiling/PCAP/Interactions/M1T_Camera/M1T_Camera_LAN_PHOTO.pcap,M1T_Camera_LAN_PHOTO-5c311124058e65a8,arp_eth_src_sha_mismatch_ratio,56,0,0.0
pcap,profiling benign,data/raw/WiFI_and_MQTT/profiling/PCAP/Interactions/M1T_Camera/M1T_Camera_LAN_PHOTO.pcap,M1T_Camera_LAN_PHOTO-5c311124058e65a8,arp_unique_sender_ip_count,56,0,0.0
pcap,profiling benign,data/raw/WiFI_and_MQTT/profiling/PCAP/Interactions/M1T_Camera/M1T_Camera_LAN_PHOTO.pcap,M1T_Camera_LAN_PHOTO-5c311124058e65a8,arp_unique_sender_mac_count,56,0,0.0
pcap,profiling benign,data/raw/WiFI_and_MQTT/profiling/PCAP/Interactions/M1T_Camera/M1T_Camera_LAN_PHOTO.pcap,M1T_Camera_LAN_PHOTO-5c311124058e65a8,arp_ratio,56,0,0.0
pcap,profiling benign,data/raw/WiFI_and_MQTT/profiling/PCAP/Interactions/M1T_Camera/M1T_Camera_LAN_PRECORDING.pcap,M1T_Camera_LAN_PRECORDING-52238a5ec47bd101,arp_request_ratio,338,6,0.01775147928994083
pcap,profiling benign,data/raw/WiFI_and_MQTT/profiling/PCAP/Interactions/M1T_Camera/M1T_Camera_LAN_PRECORDING.pcap,M1T_Camera_LAN_PRECORDING-52238a5ec47bd101,arp_reply_ratio,338,2,0.005917159763313609
pcap,profiling benign,data/raw/WiFI_and_MQTT/profiling/PCAP/Interactions/M1T_Camera/M1T_Camera_LAN_PRECORDING.pcap,M1T_Camera_LAN_PRECORDING-52238a5ec47bd101,arp_probe_ratio,338,0,0.0
pcap,profiling benign,data/raw/WiFI_and_MQTT/profiling/PCAP/Interactions/M1T_Camera/M1T_Camera_LAN_PRECORDING.pcap,M1T_Camera_LAN_PRECORDING-52238a5ec47bd101,arp_gratuitous_ratio,338,0,0.0
pcap,profiling benign,data/raw/WiFI_and_MQTT/profiling/PCAP/Interactions/M1T_Camera/M1T_Camera_LAN_PRECORDING.pcap,M1T_Camera_LAN_PRECORDING-52238a5ec47bd101,arp_sender_ip_conflict_count,338,0,0.0
pcap,profiling benign,data/raw/WiFI_and_MQTT/profiling/PCAP/Interactions/M1T_Camera/M1T_Camera_LAN_PRECORDING.pcap,M1T_Camera_LAN_PRECORDING-52238a5ec47bd101,arp_sender_ip_conflict_ratio,338,0,0.0
pcap,profiling benign,data/raw/WiFI_and_MQTT/profiling/PCAP/Interactions/M1T_Camera/M1T_Camera_LAN_PRECORDING.pcap,M1T_Camera_LAN_PRECORDING-52238a5ec47bd101,arp_max_macs_per_sender_ip,338,8,0.023668639053254437
pcap,profiling benign,data/raw/WiFI_and_MQTT/profiling/PCAP/Interactions/M1T_Camera/M1T_Camera_LAN_PRECORDING.pcap,M1T_Camera_LAN_PRECORDING-52238a5ec47bd101,arp_mapping_change_count,338,0,0.0
pcap,profiling benign,data/raw/WiFI_and_MQTT/profiling/PCAP/Interactions/M1T_Camera/M1T_Camera_LAN_PRECORDING.pcap,M1T_Camera_LAN_PRECORDING-52238a5ec47bd101,arp_eth_src_sha_mismatch_ratio,338,0,0.0
pcap,profiling benign,data/raw/WiFI_and_MQTT/profiling/PCAP/Interactions/M1T_Camera/M1T_Camera_LAN_PRECORDING.pcap,M1T_Camera_LAN_PRECORDING-52238a5ec47bd101,arp_unique_sender_ip_count,338,8,0.023668639053254437
pcap,profiling benign,data/raw/WiFI_and_MQTT/profiling/PCAP/Interactions/M1T_Camera/M1T_Camera_LAN_PRECORDING.pcap,M1T_Camera_LAN_PRECORDING-52238a5ec47bd101,arp_unique_sender_mac_count,338,8,0.023668639053254437
pcap,profiling benign,data/raw/WiFI_and_MQTT/profiling/PCAP/Interactions/M1T_Camera/M1T_Camera_LAN_PRECORDING.pcap,M1T_Camera_LAN_PRECORDING-52238a5ec47bd101,arp_ratio,338,8,0.023668639053254437
pcap,profiling benign,data/raw/WiFI_and_MQTT/profiling/PCAP/Interactions/M1T_Camera/M1T_Camera_LAN_WATCH.pcap,M1T_Camera_LAN_WATCH-be56cf109f9deaa9,arp_request_ratio,473,9,0.019027484143763214
pcap,profiling benign,data/raw/WiFI_and_MQTT/profiling/PCAP/Interactions/M1T_Camera/M1T_Camera_LAN_WATCH.pcap,M1T_Camera_LAN_WATCH-be56cf109f9deaa9,arp_reply_ratio,473,3,0.006342494714587738
pcap,profiling benign,data/raw/WiFI_and_MQTT/profiling/PCAP/Interactions/M1T_Camera/M1T_Camera_LAN_WATCH.pcap,M1T_Camera_LAN_WATCH-be56cf109f9deaa9,arp_probe_ratio,473,0,0.0
pcap,profiling benign,data/raw/WiFI_and_MQTT/profiling/PCAP/Interactions/M1T_Camera/M1T_Camera_LAN_WATCH.pcap,M1T_Camera_LAN_WATCH-be56cf109f9deaa9,arp_gratuitous_ratio,473,1,0.0021141649048625794
pcap,profiling benign,data/raw/WiFI_and_MQTT/profiling/PCAP/Interactions/M1T_Camera/M1T_Camera_LAN_WATCH.pcap,M1T_Camera_LAN_WATCH-be56cf109f9deaa9,arp_sender_ip_conflict_count,473,0,0.0
pcap,profiling benign,data/raw/WiFI_and_MQTT/profiling/PCAP/Interactions/M1T_Camera/M1T_Camera_LAN_WATCH.pcap,M1T_Camera_LAN_WATCH-be56cf109f9deaa9,arp_sender_ip_conflict_ratio,473,0,0.0
pcap,profiling benign,data/raw/WiFI_and_MQTT/profiling/PCAP/Interactions/M1T_Camera/M1T_Camera_LAN_WATCH.pcap,M1T_Camera_LAN_WATCH-be56cf109f9deaa9,arp_max_macs_per_sender_ip,473,12,0.02536997885835095
pcap,profiling benign,data/raw/WiFI_and_MQTT/profiling/PCAP/Interactions/M1T_Camera/M1T_Camera_LAN_WATCH.pcap,M1T_Camera_LAN_WATCH-be56cf109f9deaa9,arp_mapping_change_count,473,0,0.0
pcap,profiling benign,data/raw/WiFI_and_MQTT/profiling/PCAP/Interactions/M1T_Camera/M1T_Camera_LAN_WATCH.pcap,M1T_Camera_LAN_WATCH-be56cf109f9deaa9,arp_eth_src_sha_mismatch_ratio,473,0,0.0
pcap,profiling benign,data/raw/WiFI_and_MQTT/profiling/PCAP/Interactions/M1T_Camera/M1T_Camera_LAN_WATCH.pcap,M1T_Camera_LAN_WATCH-be56cf109f9deaa9,arp_unique_sender_ip_count,473,12,0.02536997885835095
pcap,profiling benign,data/raw/WiFI_and_MQTT/profiling/PCAP/Interactions/M1T_Camera/M1T_Camera_LAN_WATCH.pcap,M1T_Camera_LAN_WATCH-be56cf109f9deaa9,arp_unique_sender_mac_count,473,12,0.02536997885835095
pcap,profiling benign,data/raw/WiFI_and_MQTT/profiling/PCAP/Interactions/M1T_Camera/M1T_Camera_LAN_WATCH.pcap,M1T_Camera_LAN_WATCH-be56cf109f9deaa9,arp_ratio,473,12,0.02536997885835095
pcap,profiling benign,data/raw/WiFI_and_MQTT/profiling/PCAP/Power/M1T_Camera_Power.pcap,M1T_Camera_Power-09122daa7d244f73,arp_request_ratio,13,3,0.23076923076923078
pcap,profiling benign,data/raw/WiFI_and_MQTT/profiling/PCAP/Power/M1T_Camera_Power.pcap,M1T_Camera_Power-09122daa7d244f73,arp_reply_ratio,13,3,0.23076923076923078
pcap,profiling benign,data/raw/WiFI_and_MQTT/profiling/PCAP/Power/M1T_Camera_Power.pcap,M1T_Camera_Power-09122daa7d244f73,arp_probe_ratio,13,0,0.0
pcap,profiling benign,data/raw/WiFI_and_MQTT/profiling/PCAP/Power/M1T_Camera_Power.pcap,M1T_Camera_Power-09122daa7d244f73,arp_gratuitous_ratio,13,0,0.0
pcap,profiling benign,data/raw/WiFI_and_MQTT/profiling/PCAP/Power/M1T_Camera_Power.pcap,M1T_Camera_Power-09122daa7d244f73,arp_sender_ip_conflict_count,13,0,0.0
pcap,profiling benign,data/raw/WiFI_and_MQTT/profiling/PCAP/Power/M1T_Camera_Power.pcap,M1T_Camera_Power-09122daa7d244f73,arp_sender_ip_conflict_ratio,13,0,0.0
pcap,profiling benign,data/raw/WiFI_and_MQTT/profiling/PCAP/Power/M1T_Camera_Power.pcap,M1T_Camera_Power-09122daa7d244f73,arp_max_macs_per_sender_ip,13,3,0.23076923076923078
pcap,profiling benign,data/raw/WiFI_and_MQTT/profiling/PCAP/Power/M1T_Camera_Power.pcap,M1T_Camera_Power-09122daa7d244f73,arp_mapping_change_count,13,0,0.0
pcap,profiling benign,data/raw/WiFI_and_MQTT/profiling/PCAP/Power/M1T_Camera_Power.pcap,M1T_Camera_Power-09122daa7d244f73,arp_eth_src_sha_mismatch_ratio,13,0,0.0
pcap,profiling benign,data/raw/WiFI_and_MQTT/profiling/PCAP/Power/M1T_Camera_Power.pcap,M1T_Camera_Power-09122daa7d244f73,arp_unique_sender_ip_count,13,3,0.23076923076923078
pcap,profiling benign,data/raw/WiFI_and_MQTT/profiling/PCAP/Power/M1T_Camera_Power.pcap,M1T_Camera_Power-09122daa7d244f73,arp_unique_sender_mac_count,13,3,0.23076923076923078
pcap,profiling benign,data/raw/WiFI_and_MQTT/profiling/PCAP/Power/M1T_Camera_Power.pcap,M1T_Camera_Power-09122daa7d244f73,arp_ratio,13,3,0.23076923076923078
pcap,profiling benign,data/raw/WiFI_and_MQTT/profiling/PCAP/Interactions/M1T_Camera/M1T_Camera_WAN_MIC.pcap,M1T_Camera_WAN_MIC-81f4bd71b5e6453b,arp_request_ratio,693,0,0.0
pcap,profiling benign,data/raw/WiFI_and_MQTT/profiling/PCAP/Interactions/M1T_Camera/M1T_Camera_WAN_MIC.pcap,M1T_Camera_WAN_MIC-81f4bd71b5e6453b,arp_reply_ratio,693,0,0.0
pcap,profiling benign,data/raw/WiFI_and_MQTT/profiling/PCAP/Interactions/M1T_Camera/M1T_Camera_WAN_MIC.pcap,M1T_Camera_WAN_MIC-81f4bd71b5e6453b,arp_probe_ratio,693,0,0.0
pcap,profiling benign,data/raw/WiFI_and_MQTT/profiling/PCAP/Interactions/M1T_Camera/M1T_Camera_WAN_MIC.pcap,M1T_Camera_WAN_MIC-81f4bd71b5e6453b,arp_gratuitous_ratio,693,0,0.0
pcap,profiling benign,data/raw/WiFI_and_MQTT/profiling/PCAP/Interactions/M1T_Camera/M1T_Camera_WAN_MIC.pcap,M1T_Camera_WAN_MIC-81f4bd71b5e6453b,arp_sender_ip_conflict_count,693,0,0.0
pcap,profiling benign,data/raw/WiFI_and_MQTT/profiling/PCAP/Interactions/M1T_Camera/M1T_Camera_WAN_MIC.pcap,M1T_Camera_WAN_MIC-81f4bd71b5e6453b,arp_sender_ip_conflict_ratio,693,0,0.0
pcap,profiling benign,data/raw/WiFI_and_MQTT/profiling/PCAP/Interactions/M1T_Camera/M1T_Camera_WAN_MIC.pcap,M1T_Camera_WAN_MIC-81f4bd71b5e6453b,arp_max_macs_per_sender_ip,693,0,0.0
pcap,profiling benign,data/raw/WiFI_and_MQTT/profiling/PCAP/Interactions/M1T_Camera/M1T_Camera_WAN_MIC.pcap,M1T_Camera_WAN_MIC-81f4bd71b5e6453b,arp_mapping_change_count,693,0,0.0
pcap,profiling benign,data/raw/WiFI_and_MQTT/profiling/PCAP/Interactions/M1T_Camera/M1T_Camera_WAN_MIC.pcap,M1T_Camera_WAN_MIC-81f4bd71b5e6453b,arp_eth_src_sha_mismatch_ratio,693,0,0.0
pcap,profiling benign,data/raw/WiFI_and_MQTT/profiling/PCAP/Interactions/M1T_Camera/M1T_Camera_WAN_MIC.pcap,M1T_Camera_WAN_MIC-81f4bd71b5e6453b,arp_unique_sender_ip_count,693,0,0.0
pcap,profiling benign,data/raw/WiFI_and_MQTT/profiling/PCAP/Interactions/M1T_Camera/M1T_Camera_WAN_MIC.pcap,M1T_Camera_WAN_MIC-81f4bd71b5e6453b,arp_unique_sender_mac_count,693,0,0.0
pcap,profiling benign,data/raw/WiFI_and_MQTT/profiling/PCAP/Interactions/M1T_Camera/M1T_Camera_WAN_MIC.pcap,M1T_Camera_WAN_MIC-81f4bd71b5e6453b,arp_ratio,693,0,0.0
pcap,profiling benign,data/raw/WiFI_and_MQTT/profiling/PCAP/Interactions/M1T_Camera/M1T_Camera_WAN_PHOTO.pcap,M1T_Camera_WAN_PHOTO-3ed5188c39d7b60c,arp_request_ratio,229,0,0.0
pcap,profiling benign,data/raw/WiFI_and_MQTT/profiling/PCAP/Interactions/M1T_Camera/M1T_Camera_WAN_PHOTO.pcap,M1T_Camera_WAN_PHOTO-3ed5188c39d7b60c,arp_reply_ratio,229,0,0.0
pcap,profiling benign,data/raw/WiFI_and_MQTT/profiling/PCAP/Interactions/M1T_Camera/M1T_Camera_WAN_PHOTO.pcap,M1T_Camera_WAN_PHOTO-3ed5188c39d7b60c,arp_probe_ratio,229,0,0.0
pcap,profiling benign,data/raw/WiFI_and_MQTT/profiling/PCAP/Interactions/M1T_Camera/M1T_Camera_WAN_PHOTO.pcap,M1T_Camera_WAN_PHOTO-3ed5188c39d7b60c,arp_gratuitous_ratio,229,0,0.0
pcap,profiling benign,data/raw/WiFI_and_MQTT/profiling/PCAP/Interactions/M1T_Camera/M1T_Camera_WAN_PHOTO.pcap,M1T_Camera_WAN_PHOTO-3ed5188c39d7b60c,arp_sender_ip_conflict_count,229,0,0.0
pcap,profiling benign,data/raw/WiFI_and_MQTT/profiling/PCAP/Interactions/M1T_Camera/M1T_Camera_WAN_PHOTO.pcap,M1T_Camera_WAN_PHOTO-3ed5188c39d7b60c,arp_sender_ip_conflict_ratio,229,0,0.0
pcap,profiling benign,data/raw/WiFI_and_MQTT/profiling/PCAP/Interactions/M1T_Camera/M1T_Camera_WAN_PHOTO.pcap,M1T_Camera_WAN_PHOTO-3ed5188c39d7b60c,arp_max_macs_per_sender_ip,229,0,0.0
pcap,profiling benign,data/raw/WiFI_and_MQTT/profiling/PCAP/Interactions/M1T_Camera/M1T_Camera_WAN_PHOTO.pcap,M1T_Camera_WAN_PHOTO-3ed5188c39d7b60c,arp_mapping_change_count,229,0,0.0
pcap,profiling benign,data/raw/WiFI_and_MQTT/profiling/PCAP/Interactions/M1T_Camera/M1T_Camera_WAN_PHOTO.pcap,M1T_Camera_WAN_PHOTO-3ed5188c39d7b60c,arp_eth_src_sha_mismatch_ratio,229,0,0.0
pcap,profiling benign,data/raw/WiFI_and_MQTT/profiling/PCAP/Interactions/M1T_Camera/M1T_Camera_WAN_PHOTO.pcap,M1T_Camera_WAN_PHOTO-3ed5188c39d7b60c,arp_unique_sender_ip_count,229,0,0.0
pcap,profiling benign,data/raw/WiFI_and_MQTT/profiling/PCAP/Interactions/M1T_Camera/M1T_Camera_WAN_PHOTO.pcap,M1T_Camera_WAN_PHOTO-3ed5188c39d7b60c,arp_unique_sender_mac_count,229,0,0.0
pcap,profiling benign,data/raw/WiFI_and_MQTT/profiling/PCAP/Interactions/M1T_Camera/M1T_Camera_WAN_PHOTO.pcap,M1T_Camera_WAN_PHOTO-3ed5188c39d7b60c,arp_ratio,229,0,0.0
pcap,profiling benign,data/raw/WiFI_and_MQTT/profiling/PCAP/Interactions/M1T_Camera/M1T_Camera_WAN_RECORDING.pcap,M1T_Camera_WAN_RECORDING-24eb271fd02aef20,arp_request_ratio,657,0,0.0
pcap,profiling benign,data/raw/WiFI_and_MQTT/profiling/PCAP/Interactions/M1T_Camera/M1T_Camera_WAN_RECORDING.pcap,M1T_Camera_WAN_RECORDING-24eb271fd02aef20,arp_reply_ratio,657,0,0.0
pcap,profiling benign,data/raw/WiFI_and_MQTT/profiling/PCAP/Interactions/M1T_Camera/M1T_Camera_WAN_RECORDING.pcap,M1T_Camera_WAN_RECORDING-24eb271fd02aef20,arp_probe_ratio,657,0,0.0
pcap,profiling benign,data/raw/WiFI_and_MQTT/profiling/PCAP/Interactions/M1T_Camera/M1T_Camera_WAN_RECORDING.pcap,M1T_Camera_WAN_RECORDING-24eb271fd02aef20,arp_gratuitous_ratio,657,0,0.0
pcap,profiling benign,data/raw/WiFI_and_MQTT/profiling/PCAP/Interactions/M1T_Camera/M1T_Camera_WAN_RECORDING.pcap,M1T_Camera_WAN_RECORDING-24eb271fd02aef20,arp_sender_ip_conflict_count,657,0,0.0
pcap,profiling benign,data/raw/WiFI_and_MQTT/profiling/PCAP/Interactions/M1T_Camera/M1T_Camera_WAN_RECORDING.pcap,M1T_Camera_WAN_RECORDING-24eb271fd02aef20,arp_sender_ip_conflict_ratio,657,0,0.0
pcap,profiling benign,data/raw/WiFI_and_MQTT/profiling/PCAP/Interactions/M1T_Camera/M1T_Camera_WAN_RECORDING.pcap,M1T_Camera_WAN_RECORDING-24eb271fd02aef20,arp_max_macs_per_sender_ip,657,0,0.0
pcap,profiling benign,data/raw/WiFI_and_MQTT/profiling/PCAP/Interactions/M1T_Camera/M1T_Camera_WAN_RECORDING.pcap,M1T_Camera_WAN_RECORDING-24eb271fd02aef20,arp_mapping_change_count,657,0,0.0
pcap,profiling benign,data/raw/WiFI_and_MQTT/profiling/PCAP/Interactions/M1T_Camera/M1T_Camera_WAN_RECORDING.pcap,M1T_Camera_WAN_RECORDING-24eb271fd02aef20,arp_eth_src_sha_mismatch_ratio,657,0,0.0
pcap,profiling benign,data/raw/WiFI_and_MQTT/profiling/PCAP/Interactions/M1T_Camera/M1T_Camera_WAN_RECORDING.pcap,M1T_Camera_WAN_RECORDING-24eb271fd02aef20,arp_unique_sender_ip_count,657,0,0.0
pcap,profiling benign,data/raw/WiFI_and_MQTT/profiling/PCAP/Interactions/M1T_Camera/M1T_Camera_WAN_RECORDING.pcap,M1T_Camera_WAN_RECORDING-24eb271fd02aef20,arp_unique_sender_mac_count,657,0,0.0
pcap,profiling benign,data/raw/WiFI_and_MQTT/profiling/PCAP/Interactions/M1T_Camera/M1T_Camera_WAN_RECORDING.pcap,M1T_Camera_WAN_RECORDING-24eb271fd02aef20,arp_ratio,657,0,0.0
pcap,profiling benign,data/raw/WiFI_and_MQTT/profiling/PCAP/Interactions/M1T_Camera/M1T_Camera_WAN_WATCH.pcap,M1T_Camera_WAN_WATCH-87c44d4b3f40c536,arp_request_ratio,629,0,0.0
pcap,profiling benign,data/raw/WiFI_and_MQTT/profiling/PCAP/Interactions/M1T_Camera/M1T_Camera_WAN_WATCH.pcap,M1T_Camera_WAN_WATCH-87c44d4b3f40c536,arp_reply_ratio,629,0,0.0
pcap,profiling benign,data/raw/WiFI_and_MQTT/profiling/PCAP/Interactions/M1T_Camera/M1T_Camera_WAN_WATCH.pcap,M1T_Camera_WAN_WATCH-87c44d4b3f40c536,arp_probe_ratio,629,0,0.0
pcap,profiling benign,data/raw/WiFI_and_MQTT/profiling/PCAP/Interactions/M1T_Camera/M1T_Camera_WAN_WATCH.pcap,M1T_Camera_WAN_WATCH-87c44d4b3f40c536,arp_gratuitous_ratio,629,0,0.0
pcap,profiling benign,data/raw/WiFI_and_MQTT/profiling/PCAP/Interactions/M1T_Camera/M1T_Camera_WAN_WATCH.pcap,M1T_Camera_WAN_WATCH-87c44d4b3f40c536,arp_sender_ip_conflict_count,629,0,0.0
pcap,profiling benign,data/raw/WiFI_and_MQTT/profiling/PCAP/Interactions/M1T_Camera/M1T_Camera_WAN_WATCH.pcap,M1T_Camera_WAN_WATCH-87c44d4b3f40c536,arp_sender_ip_conflict_ratio,629,0,0.0
pcap,profiling benign,data/raw/WiFI_and_MQTT/profiling/PCAP/Interactions/M1T_Camera/M1T_Camera_WAN_WATCH.pcap,M1T_Camera_WAN_WATCH-87c44d4b3f40c536,arp_max_macs_per_sender_ip,629,0,0.0
pcap,profiling benign,data/raw/WiFI_and_MQTT/profiling/PCAP/Interactions/M1T_Camera/M1T_Camera_WAN_WATCH.pcap,M1T_Camera_WAN_WATCH-87c44d4b3f40c536,arp_mapping_change_count,629,0,0.0
pcap,profiling benign,data/raw/WiFI_and_MQTT/profiling/PCAP/Interactions/M1T_Camera/M1T_Camera_WAN_WATCH.pcap,M1T_Camera_WAN_WATCH-87c44d4b3f40c536,arp_eth_src_sha_mismatch_ratio,629,0,0.0
pcap,profiling benign,data/raw/WiFI_and_MQTT/profiling/PCAP/Interactions/M1T_Camera/M1T_Camera_WAN_WATCH.pcap,M1T_Camera_WAN_WATCH-87c44d4b3f40c536,arp_unique_sender_ip_count,629,0,0.0
pcap,profiling benign,data/raw/WiFI_and_MQTT/profiling/PCAP/Interactions/M1T_Camera/M1T_Camera_WAN_WATCH.pcap,M1T_Camera_WAN_WATCH-87c44d4b3f40c536,arp_unique_sender_mac_count,629,0,0.0
pcap,profiling benign,data/raw/WiFI_and_MQTT/profiling/PCAP/Interactions/M1T_Camera/M1T_Camera_WAN_WATCH.pcap,M1T_Camera_WAN_WATCH-87c44d4b3f40c536,arp_ratio,629,0,0.0
pcap,profiling benign,data/raw/WiFI_and_MQTT/profiling/PCAP/Interactions/Singcall/Singcall_LAN_PHYSICAL.pcap,Singcall_LAN_PHYSICAL-015d084b26c99a8c,arp_request_ratio,16,6,0.375
pcap,profiling benign,data/raw/WiFI_and_MQTT/profiling/PCAP/Interactions/Singcall/Singcall_LAN_PHYSICAL.pcap,Singcall_LAN_PHYSICAL-015d084b26c99a8c,arp_reply_ratio,16,6,0.375
pcap,profiling benign,data/raw/WiFI_and_MQTT/profiling/PCAP/Interactions/Singcall/Singcall_LAN_PHYSICAL.pcap,Singcall_LAN_PHYSICAL-015d084b26c99a8c,arp_probe_ratio,16,0,0.0
pcap,profiling benign,data/raw/WiFI_and_MQTT/profiling/PCAP/Interactions/Singcall/Singcall_LAN_PHYSICAL.pcap,Singcall_LAN_PHYSICAL-015d084b26c99a8c,arp_gratuitous_ratio,16,3,0.1875
pcap,profiling benign,data/raw/WiFI_and_MQTT/profiling/PCAP/Interactions/Singcall/Singcall_LAN_PHYSICAL.pcap,Singcall_LAN_PHYSICAL-015d084b26c99a8c,arp_sender_ip_conflict_count,16,0,0.0
pcap,profiling benign,data/raw/WiFI_and_MQTT/profiling/PCAP/Interactions/Singcall/Singcall_LAN_PHYSICAL.pcap,Singcall_LAN_PHYSICAL-015d084b26c99a8c,arp_sender_ip_conflict_ratio,16,0,0.0
pcap,profiling benign,data/raw/WiFI_and_MQTT/profiling/PCAP/Interactions/Singcall/Singcall_LAN_PHYSICAL.pcap,Singcall_LAN_PHYSICAL-015d084b26c99a8c,arp_max_macs_per_sender_ip,16,6,0.375
pcap,profiling benign,data/raw/WiFI_and_MQTT/profiling/PCAP/Interactions/Singcall/Singcall_LAN_PHYSICAL.pcap,Singcall_LAN_PHYSICAL-015d084b26c99a8c,arp_mapping_change_count,16,0,0.0
pcap,profiling benign,data/raw/WiFI_and_MQTT/profiling/PCAP/Interactions/Singcall/Singcall_LAN_PHYSICAL.pcap,Singcall_LAN_PHYSICAL-015d084b26c99a8c,arp_eth_src_sha_mismatch_ratio,16,0,0.0
pcap,profiling benign,data/raw/WiFI_and_MQTT/profiling/PCAP/Interactions/Singcall/Singcall_LAN_PHYSICAL.pcap,Singcall_LAN_PHYSICAL-015d084b26c99a8c,arp_unique_sender_ip_count,16,6,0.375
pcap,profiling benign,data/raw/WiFI_and_MQTT/profiling/PCAP/Interactions/Singcall/Singcall_LAN_PHYSICAL.pcap,Singcall_LAN_PHYSICAL-015d084b26c99a8c,arp_unique_sender_mac_count,16,6,0.375
pcap,profiling benign,data/raw/WiFI_and_MQTT/profiling/PCAP/Interactions/Singcall/Singcall_LAN_PHYSICAL.pcap,Singcall_LAN_PHYSICAL-015d084b26c99a8c,arp_ratio,16,6,0.375
pcap,profiling benign,data/raw/WiFI_and_MQTT/profiling/PCAP/Power/Singcall_Power.pcap,Singcall_Power-2e7ddb9f29135c81,arp_request_ratio,16,5,0.3125
pcap,profiling benign,data/raw/WiFI_and_MQTT/profiling/PCAP/Power/Singcall_Power.pcap,Singcall_Power-2e7ddb9f29135c81,arp_reply_ratio,16,6,0.375
pcap,profiling benign,data/raw/WiFI_and_MQTT/profiling/PCAP/Power/Singcall_Power.pcap,Singcall_Power-2e7ddb9f29135c81,arp_probe_ratio,16,0,0.0
pcap,profiling benign,data/raw/WiFI_and_MQTT/profiling/PCAP/Power/Singcall_Power.pcap,Singcall_Power-2e7ddb9f29135c81,arp_gratuitous_ratio,16,3,0.1875
pcap,profiling benign,data/raw/WiFI_and_MQTT/profiling/PCAP/Power/Singcall_Power.pcap,Singcall_Power-2e7ddb9f29135c81,arp_sender_ip_conflict_count,16,0,0.0
pcap,profiling benign,data/raw/WiFI_and_MQTT/profiling/PCAP/Power/Singcall_Power.pcap,Singcall_Power-2e7ddb9f29135c81,arp_sender_ip_conflict_ratio,16,0,0.0
pcap,profiling benign,data/raw/WiFI_and_MQTT/profiling/PCAP/Power/Singcall_Power.pcap,Singcall_Power-2e7ddb9f29135c81,arp_max_macs_per_sender_ip,16,8,0.5
pcap,profiling benign,data/raw/WiFI_and_MQTT/profiling/PCAP/Power/Singcall_Power.pcap,Singcall_Power-2e7ddb9f29135c81,arp_mapping_change_count,16,0,0.0
pcap,profiling benign,data/raw/WiFI_and_MQTT/profiling/PCAP/Power/Singcall_Power.pcap,Singcall_Power-2e7ddb9f29135c81,arp_eth_src_sha_mismatch_ratio,16,0,0.0
pcap,profiling benign,data/raw/WiFI_and_MQTT/profiling/PCAP/Power/Singcall_Power.pcap,Singcall_Power-2e7ddb9f29135c81,arp_unique_sender_ip_count,16,8,0.5
pcap,profiling benign,data/raw/WiFI_and_MQTT/profiling/PCAP/Power/Singcall_Power.pcap,Singcall_Power-2e7ddb9f29135c81,arp_unique_sender_mac_count,16,8,0.5
pcap,profiling benign,data/raw/WiFI_and_MQTT/profiling/PCAP/Power/Singcall_Power.pcap,Singcall_Power-2e7ddb9f29135c81,arp_ratio,16,8,0.5
pcap,profiling benign,data/raw/WiFI_and_MQTT/profiling/PCAP/Interactions/Singcall/Singcall_WAN_PHYSICAL.pcap,Singcall_WAN_PHYSICAL-648acf97ea26a9fb,arp_request_ratio,12,6,0.5
pcap,profiling benign,data/raw/WiFI_and_MQTT/profiling/PCAP/Interactions/Singcall/Singcall_WAN_PHYSICAL.pcap,Singcall_WAN_PHYSICAL-648acf97ea26a9fb,arp_reply_ratio,12,7,0.5833333333333334
pcap,profiling benign,data/raw/WiFI_and_MQTT/profiling/PCAP/Interactions/Singcall/Singcall_WAN_PHYSICAL.pcap,Singcall_WAN_PHYSICAL-648acf97ea26a9fb,arp_probe_ratio,12,0,0.0
pcap,profiling benign,data/raw/WiFI_and_MQTT/profiling/PCAP/Interactions/Singcall/Singcall_WAN_PHYSICAL.pcap,Singcall_WAN_PHYSICAL-648acf97ea26a9fb,arp_gratuitous_ratio,12,3,0.25
pcap,profiling benign,data/raw/WiFI_and_MQTT/profiling/PCAP/Interactions/Singcall/Singcall_WAN_PHYSICAL.pcap,Singcall_WAN_PHYSICAL-648acf97ea26a9fb,arp_sender_ip_conflict_count,12,0,0.0
pcap,profiling benign,data/raw/WiFI_and_MQTT/profiling/PCAP/Interactions/Singcall/Singcall_WAN_PHYSICAL.pcap,Singcall_WAN_PHYSICAL-648acf97ea26a9fb,arp_sender_ip_conflict_ratio,12,0,0.0
pcap,profiling benign,data/raw/WiFI_and_MQTT/profiling/PCAP/Interactions/Singcall/Singcall_WAN_PHYSICAL.pcap,Singcall_WAN_PHYSICAL-648acf97ea26a9fb,arp_max_macs_per_sender_ip,12,7,0.5833333333333334
pcap,profiling benign,data/raw/WiFI_and_MQTT/profiling/PCAP/Interactions/Singcall/Singcall_WAN_PHYSICAL.pcap,Singcall_WAN_PHYSICAL-648acf97ea26a9fb,arp_mapping_change_count,12,0,0.0
pcap,profiling benign,data/raw/WiFI_and_MQTT/profiling/PCAP/Interactions/Singcall/Singcall_WAN_PHYSICAL.pcap,Singcall_WAN_PHYSICAL-648acf97ea26a9fb,arp_eth_src_sha_mismatch_ratio,12,0,0.0
pcap,profiling benign,data/raw/WiFI_and_MQTT/profiling/PCAP/Interactions/Singcall/Singcall_WAN_PHYSICAL.pcap,Singcall_WAN_PHYSICAL-648acf97ea26a9fb,arp_unique_sender_ip_count,12,7,0.5833333333333334
pcap,profiling benign,data/raw/WiFI_and_MQTT/profiling/PCAP/Interactions/Singcall/Singcall_WAN_PHYSICAL.pcap,Singcall_WAN_PHYSICAL-648acf97ea26a9fb,arp_unique_sender_mac_count,12,7,0.5833333333333334
pcap,profiling benign,data/raw/WiFI_and_MQTT/profiling/PCAP/Interactions/Singcall/Singcall_WAN_PHYSICAL.pcap,Singcall_WAN_PHYSICAL-648acf97ea26a9fb,arp_ratio,12,7,0.5833333333333334
