pcap_id,pcap_path,binary_label,status,error_message,manifest_file_size,disk_file_size,input_file_size,output_path,output_row_count,output_file_size,packets_processed,windows_written,resumed,elapsed_seconds,feature_strategy_version,feature_build_strategy_version,feature_schema_sha256
ARP_Spoofing_train-96f95da2dd4aca68,data/raw/WiFI_and_MQTT/attacks/pcap/train/ARP_Spoofing_train.pcap,ATTACK,ok,,80000193,80000193,80000193,data/features/v1/train/ARP_Spoofing_train-96f95da2dd4aca68.parquet,6423,365642,160614,6423,true,0.000000,phase1c2_v1,phase1c3_v1,d3ee4f40f9e2a3da8f2821ea41d5115a8117b1cd921e7a9fb8558026aa02e69b
Benign_train-afa71a594c44d5e9,data/raw/WiFI_and_MQTT/attacks/pcap/train/Benign_train.pcap,BENIGN,ok,,395000451,395000451,395000451,data/features/v1/train/Benign_train-afa71a594c44d5e9.parquet,77427,4251155,1935680,77427,true,0.000000,phase1c2_v1,phase1c3_v1,d3ee4f40f9e2a3da8f2821ea41d5115a8117b1cd921e7a9fb8558026aa02e69b
MQTT-DDoS-Connect_Flood_train-539423bcd3a46ba6,data/raw/WiFI_and_MQTT/attacks/pcap/train/MQTT-DDoS-Connect_Flood_train.pcap,ATTACK,ok,,1474000046,1474000046,1474000046,data/features/v1/train/MQTT-DDoS-Connect_Flood_train-539423bcd3a46ba6.parquet,691837,30849642,17295946,691837,true,0.000000,phase1c2_v1,phase1c3_v1,d3ee4f40f9e2a3da8f2821ea41d5115a8117b1cd921e7a9fb8558026aa02e69b
MQTT-DDoS-Publish_Flood_train-bd996c8b772b0e4c,data/raw/WiFI_and_MQTT/attacks/pcap/train/MQTT-DDoS-Publish_Flood_train.pcap,ATTACK,ok,,1556000060,1556000060,1556000060,data/features/v1/train/MQTT-DDoS-Publish_Flood_train-bd996c8b772b0e4c.parquet,110171,5829490,2754292,110171,true,0.000000,phase1c2_v1,phase1c3_v1,d3ee4f40f9e2a3da8f2821ea41d5115a8117b1cd921e7a9fb8558026aa02e69b
MQTT-DoS-Connect_Flood_train-9ed64d06c26d4359,data/raw/WiFI_and_MQTT/attacks/pcap/train/MQTT-DoS-Connect_Flood_train.pcap,ATTACK,ok,,110000019,110000019,110000019,data/features/v1/train/MQTT-DoS-Connect_Flood_train-9ed64d06c26d4359.parquet,51077,2431314,1276947,51077,true,0.000000,phase1c2_v1,phase1c3_v1,d3ee4f40f9e2a3da8f2821ea41d5115a8117b1cd921e7a9fb8558026aa02e69b
MQTT-DoS-Publish_Flood_train-710a8c2e0fd3ccf2,data/raw/WiFI_and_MQTT/attacks/pcap/train/MQTT-DoS-Publish_Flood_train.pcap,ATTACK,ok,,1228000128,1228000128,1228000128,data/features/v1/train/MQTT-DoS-Publish_Flood_train-710a8c2e0fd3ccf2.parquet,177263,7729451,4431579,177263,true,0.000000,phase1c2_v1,phase1c3_v1,d3ee4f40f9e2a3da8f2821ea41d5115a8117b1cd921e7a9fb8558026aa02e69b
MQTT-Malformed_Data_train-047bd795e609d53a,data/raw/WiFI_and_MQTT/attacks/pcap/train/MQTT-Malformed_Data_train.pcap,ATTACK,ok,,34000023,34000023,34000023,data/features/v1/train/MQTT-Malformed_Data_train-047bd795e609d53a.parquet,2053,113705,51332,2053,true,0.000000,phase1c2_v1,phase1c3_v1,d3ee4f40f9e2a3da8f2821ea41d5115a8117b1cd921e7a9fb8558026aa02e69b
Recon-OS_Scan_train-374d28e87069ff50,data/raw/WiFI_and_MQTT/attacks/pcap/train/Recon-OS_Scan_train.pcap,ATTACK,ok,,14000021,14000021,14000021,data/features/v1/train/Recon-OS_Scan_train-374d28e87069ff50.parquet,6736,309168,168400,6736,true,0.000000,phase1c2_v1,phase1c3_v1,d3ee4f40f9e2a3da8f2821ea41d5115a8117b1cd921e7a9fb8558026aa02e69b
Recon-Ping_Sweep_train-e08ccc2a81c89ea0,data/raw/WiFI_and_MQTT/attacks/pcap/train/Recon-Ping_Sweep_train.pcap,ATTACK,ok,,644273,644273,644273,data/features/v1/train/Recon-Ping_Sweep_train-e08ccc2a81c89ea0.parquet,296,26753,7406,296,true,0.000000,phase1c2_v1,phase1c3_v1,d3ee4f40f9e2a3da8f2821ea41d5115a8117b1cd921e7a9fb8558026aa02e69b
Recon-Port_Scan_train-3277498008f275af,data/raw/WiFI_and_MQTT/attacks/pcap/train/Recon-Port_Scan_train.pcap,ATTACK,ok,,81000046,81000046,81000046,data/features/v1/train/Recon-Port_Scan_train-3277498008f275af.parquet,33594,1380594,839912,33594,true,0.000000,phase1c2_v1,phase1c3_v1,d3ee4f40f9e2a3da8f2821ea41d5115a8117b1cd921e7a9fb8558026aa02e69b
Recon-VulScan_train-dd134b38001a54ff,data/raw/WiFI_and_MQTT/attacks/pcap/train/Recon-VulScan_train.pcap,ATTACK,ok,,5000071,5000071,5000071,data/features/v1/train/Recon-VulScan_train-dd134b38001a54ff.parquet,869,53163,21747,869,true,0.000000,phase1c2_v1,phase1c3_v1,d3ee4f40f9e2a3da8f2821ea41d5115a8117b1cd921e7a9fb8558026aa02e69b
TCP_IP-DDoS-ICMP1_train-52560d1b626f5c98,data/raw/WiFI_and_MQTT/attacks/pcap/train/TCP_IP-DDoS-ICMP1_train.pcap,ATTACK,ok,,1495000075,1495000075,1495000075,data/features/v1/train/TCP_IP-DDoS-ICMP1_train-52560d1b626f5c98.parquet,779446,24077461,19486169,779446,true,0.000000,phase1c2_v1,phase1c3_v1,d3ee4f40f9e2a3da8f2821ea41d5115a8117b1cd921e7a9fb8558026aa02e69b
TCP_IP-DDoS-ICMP2_train-fe61766820005b0a,data/raw/WiFI_and_MQTT/attacks/pcap/train/TCP_IP-DDoS-ICMP2_train.pcap,ATTACK,ok,,1495000031,1495000031,1495000031,data/features/v1/train/TCP_IP-DDoS-ICMP2_train-fe61766820005b0a.parquet,779018,23167877,19475470,779018,true,0.000000,phase1c2_v1,phase1c3_v1,d3ee4f40f9e2a3da8f2821ea41d5115a8117b1cd921e7a9fb8558026aa02e69b
TCP_IP-DDoS-ICMP3_train-4fd5fc994ad0ad92,data/raw/WiFI_and_MQTT/attacks/pcap/train/TCP_IP-DDoS-ICMP3_train.pcap,ATTACK,ok,,1495000043,1495000043,1495000043,data/features/v1/train/TCP_IP-DDoS-ICMP3_train-4fd5fc994ad0ad92.parquet,758549,21192061,18963740,758549,true,0.000000,phase1c2_v1,phase1c3_v1,d3ee4f40f9e2a3da8f2821ea41d5115a8117b1cd921e7a9fb8558026aa02e69b
TCP_IP-DDoS-ICMP4_train-c9aeedc59b581cd1,data/raw/WiFI_and_MQTT/attacks/pcap/train/TCP_IP-DDoS-ICMP4_train.pcap,ATTACK,ok,,1495000009,1495000009,1495000009,data/features/v1/train/TCP_IP-DDoS-ICMP4_train-c9aeedc59b581cd1.parquet,770663,21598290,19266601,770663,true,0.000000,phase1c2_v1,phase1c3_v1,d3ee4f40f9e2a3da8f2821ea41d5115a8117b1cd921e7a9fb8558026aa02e69b
TCP_IP-DDoS-ICMP5_train-4724735ee6467501,data/raw/WiFI_and_MQTT/attacks/pcap/train/TCP_IP-DDoS-ICMP5_train.pcap,ATTACK,ok,,1495000034,1495000034,1495000034,data/features/v1/train/TCP_IP-DDoS-ICMP5_train-4724735ee6467501.parquet,779850,21951098,19496250,779850,true,0.000000,phase1c2_v1,phase1c3_v1,d3ee4f40f9e2a3da8f2821ea41d5115a8117b1cd921e7a9fb8558026aa02e69b
TCP_IP-DDoS-ICMP6_train-4538ea64f1e348f0,data/raw/WiFI_and_MQTT/attacks/pcap/train/TCP_IP-DDoS-ICMP6_train.pcap,ATTACK,ok,,1495000034,1495000034,1495000034,data/features/v1/train/TCP_IP-DDoS-ICMP6_train-4538ea64f1e348f0.parquet,763199,22813252,19080009,763199,true,0.000000,phase1c2_v1,phase1c3_v1,d3ee4f40f9e2a3da8f2821ea41d5115a8117b1cd921e7a9fb8558026aa02e69b
TCP_IP-DDoS-ICMP7_train-53ea8e2f1c5f3000,data/raw/WiFI_and_MQTT/attacks/pcap/train/TCP_IP-DDoS-ICMP7_train.pcap,ATTACK,ok,,1495000006,1495000006,1495000006,data/features/v1/train/TCP_IP-DDoS-ICMP7_train-53ea8e2f1c5f3000.parquet,743766,23184360,18594177,743766,true,0.000000,phase1c2_v1,phase1c3_v1,d3ee4f40f9e2a3da8f2821ea41d5115a8117b1cd921e7a9fb8558026aa02e69b
TCP_IP-DDoS-ICMP8_train-15c1ca3db9818fb4,data/raw/WiFI_and_MQTT/attacks/pcap/train/TCP_IP-DDoS-ICMP8_train.pcap,ATTACK,ok,,1495000072,1495000072,1495000072,data/features/v1/train/TCP_IP-DDoS-ICMP8_train-15c1ca3db9818fb4.parquet,773061,23787561,19326527,773061,true,0.000000,phase1c2_v1,phase1c3_v1,d3ee4f40f9e2a3da8f2821ea41d5115a8117b1cd921e7a9fb8558026aa02e69b
TCP_IP-DDoS-SYN1_train-9270598c7ec08c19,data/raw/WiFI_and_MQTT/attacks/pcap/train/TCP_IP-DDoS-SYN1_train.pcap,ATTACK,ok,,1556000011,1556000011,1556000011,data/features/v1/train/TCP_IP-DDoS-SYN1_train-9270598c7ec08c19.parquet,797279,25229653,19931997,797279,true,0.000000,phase1c2_v1,phase1c3_v1,d3ee4f40f9e2a3da8f2821ea41d5115a8117b1cd921e7a9fb8558026aa02e69b
TCP_IP-DDoS-SYN2_train-84f7f6654a0c81a1,data/raw/WiFI_and_MQTT/attacks/pcap/train/TCP_IP-DDoS-SYN2_train.pcap,ATTACK,ok,,1556000071,1556000071,1556000071,data/features/v1/train/TCP_IP-DDoS-SYN2_train-84f7f6654a0c81a1.parquet,814389,25406984,20359731,814389,true,0.000000,phase1c2_v1,phase1c3_v1,d3ee4f40f9e2a3da8f2821ea41d5115a8117b1cd921e7a9fb8558026aa02e69b
TCP_IP-DDoS-SYN3_train-cb4d02ece5623b20,data/raw/WiFI_and_MQTT/attacks/pcap/train/TCP_IP-DDoS-SYN3_train.pcap,ATTACK,ok,,1556000070,1556000070,1556000070,data/features/v1/train/TCP_IP-DDoS-SYN3_train-cb4d02ece5623b20.parquet,807785,24704791,20194641,807785,true,0.000000,phase1c2_v1,phase1c3_v1,d3ee4f40f9e2a3da8f2821ea41d5115a8117b1cd921e7a9fb8558026aa02e69b
TCP_IP-DDoS-SYN4_train-1f8cd468774497a0,data/raw/WiFI_and_MQTT/attacks/pcap/train/TCP_IP-DDoS-SYN4_train.pcap,ATTACK,ok,,1556000060,1556000060,1556000060,data/features/v1/train/TCP_IP-DDoS-SYN4_train-1f8cd468774497a0.parquet,787191,25626040,19679812,787191,true,0.000000,phase1c2_v1,phase1c3_v1,d3ee4f40f9e2a3da8f2821ea41d5115a8117b1cd921e7a9fb8558026aa02e69b
TCP_IP-DDoS-TCP1_train-4bd6e516680531ed,data/raw/WiFI_and_MQTT/attacks/pcap/train/TCP_IP-DDoS-TCP1_train.pcap,ATTACK,ok,,1576000045,1576000045,1576000045,data/features/v1/train/TCP_IP-DDoS-TCP1_train-4bd6e516680531ed.parquet,808944,25690873,20223622,808944,true,0.000000,phase1c2_v1,phase1c3_v1,d3ee4f40f9e2a3da8f2821ea41d5115a8117b1cd921e7a9fb8558026aa02e69b
TCP_IP-DDoS-TCP2_train-eb9fb6bc59c007af,data/raw/WiFI_and_MQTT/attacks/pcap/train/TCP_IP-DDoS-TCP2_train.pcap,ATTACK,ok,,1576001283,1576001283,1576001283,data/features/v1/train/TCP_IP-DDoS-TCP2_train-eb9fb6bc59c007af.parquet,788029,25472465,19700758,788029,true,0.000000,phase1c2_v1,phase1c3_v1,d3ee4f40f9e2a3da8f2821ea41d5115a8117b1cd921e7a9fb8558026aa02e69b
TCP_IP-DDoS-TCP3_train-168296df72c3c541,data/raw/WiFI_and_MQTT/attacks/pcap/train/TCP_IP-DDoS-TCP3_train.pcap,ATTACK,ok,,1576000036,1576000036,1576000036,data/features/v1/train/TCP_IP-DDoS-TCP3_train-168296df72c3c541.parquet,815984,25118857,20399613,815984,true,0.000000,phase1c2_v1,phase1c3_v1,d3ee4f40f9e2a3da8f2821ea41d5115a8117b1cd921e7a9fb8558026aa02e69b
TCP_IP-DDoS-TCP4_train-c56180c095ed3093,data/raw/WiFI_and_MQTT/attacks/pcap/train/TCP_IP-DDoS-TCP4_train.pcap,ATTACK,ok,,1576000070,1576000070,1576000070,data/features/v1/train/TCP_IP-DDoS-TCP4_train-c56180c095ed3093.parquet,803640,25906843,20091019,803640,true,0.000000,phase1c2_v1,phase1c3_v1,d3ee4f40f9e2a3da8f2821ea41d5115a8117b1cd921e7a9fb8558026aa02e69b
TCP_IP-DDoS-UDP1_train-e3823a133c7c569e,data/raw/WiFI_and_MQTT/attacks/pcap/train/TCP_IP-DDoS-UDP1_train.pcap,ATTACK,ok,,1576000011,1576000011,1576000011,data/features/v1/train/TCP_IP-DDoS-UDP1_train-e3823a133c7c569e.parquet,824358,24619161,20608951,824358,true,0.000000,phase1c2_v1,phase1c3_v1,d3ee4f40f9e2a3da8f2821ea41d5115a8117b1cd921e7a9fb8558026aa02e69b
TCP_IP-DDoS-UDP2_train-c29b03842b9c5b00,data/raw/WiFI_and_MQTT/attacks/pcap/train/TCP_IP-DDoS-UDP2_train.pcap,ATTACK,ok,,1576000014,1576000014,1576000014,data/features/v1/train/TCP_IP-DDoS-UDP2_train-c29b03842b9c5b00.parquet,828890,24934499,20722273,828890,true,0.000000,phase1c2_v1,phase1c3_v1,d3ee4f40f9e2a3da8f2821ea41d5115a8117b1cd921e7a9fb8558026aa02e69b
TCP_IP-DDoS-UDP3_train-12fd00f6a441a65c,data/raw/WiFI_and_MQTT/attacks/pcap/train/TCP_IP-DDoS-UDP3_train.pcap,ATTACK,ok,,1576000001,1576000001,1576000001,data/features/v1/train/TCP_IP-DDoS-UDP3_train-12fd00f6a441a65c.parquet,826055,25432055,20651397,826055,true,0.000000,phase1c2_v1,phase1c3_v1,d3ee4f40f9e2a3da8f2821ea41d5115a8117b1cd921e7a9fb8558026aa02e69b
TCP_IP-DDoS-UDP4_train-68f9dab91e62964a,data/raw/WiFI_and_MQTT/attacks/pcap/train/TCP_IP-DDoS-UDP4_train.pcap,ATTACK,ok,,1576000023,1576000023,1576000023,data/features/v1/train/TCP_IP-DDoS-UDP4_train-68f9dab91e62964a.parquet,825057,25778527,20626463,825057,true,0.000000,phase1c2_v1,phase1c3_v1,d3ee4f40f9e2a3da8f2821ea41d5115a8117b1cd921e7a9fb8558026aa02e69b
TCP_IP-DDoS-UDP5_train-3ef3823976c230ac,data/raw/WiFI_and_MQTT/attacks/pcap/train/TCP_IP-DDoS-UDP5_train.pcap,ATTACK,ok,,1576000022,1576000022,1576000022,data/features/v1/train/TCP_IP-DDoS-UDP5_train-3ef3823976c230ac.parquet,821720,25372276,20543021,821720,true,0.000000,phase1c2_v1,phase1c3_v1,d3ee4f40f9e2a3da8f2821ea41d5115a8117b1cd921e7a9fb8558026aa02e69b
TCP_IP-DDoS-UDP6_train-20f2f44028c0469f,data/raw/WiFI_and_MQTT/attacks/pcap/train/TCP_IP-DDoS-UDP6_train.pcap,ATTACK,ok,,1576000006,1576000006,1576000006,data/features/v1/train/TCP_IP-DDoS-UDP6_train-20f2f44028c0469f.parquet,808675,25321030,20216876,808675,true,0.000000,phase1c2_v1,phase1c3_v1,d3ee4f40f9e2a3da8f2821ea41d5115a8117b1cd921e7a9fb8558026aa02e69b
TCP_IP-DDoS-UDP7_train-3cc1cec95e30615c,data/raw/WiFI_and_MQTT/attacks/pcap/train/TCP_IP-DDoS-UDP7_train.pcap,ATTACK,ok,,1576000030,1576000030,1576000030,data/features/v1/train/TCP_IP-DDoS-UDP7_train-3cc1cec95e30615c.parquet,790422,24321771,19760583,790422,true,0.000000,phase1c2_v1,phase1c3_v1,d3ee4f40f9e2a3da8f2821ea41d5115a8117b1cd921e7a9fb8558026aa02e69b
TCP_IP-DDoS-UDP8_train-214596633bc14c17,data/raw/WiFI_and_MQTT/attacks/pcap/train/TCP_IP-DDoS-UDP8_train.pcap,ATTACK,ok,,1576000061,1576000061,1576000061,data/features/v1/train/TCP_IP-DDoS-UDP8_train-214596633bc14c17.parquet,816104,24640076,20402619,816104,true,0.000000,phase1c2_v1,phase1c3_v1,d3ee4f40f9e2a3da8f2821ea41d5115a8117b1cd921e7a9fb8558026aa02e69b
TCP_IP-DoS-ICMP1_train-bb42fe5d34df6405,data/raw/WiFI_and_MQTT/attacks/pcap/train/TCP_IP-DoS-ICMP1_train.pcap,ATTACK,ok,,839000042,839000042,839000042,data/features/v1/train/TCP_IP-DoS-ICMP1_train-bb42fe5d34df6405.parquet,417851,13559941,10446280,417851,true,0.000000,phase1c2_v1,phase1c3_v1,d3ee4f40f9e2a3da8f2821ea41d5115a8117b1cd921e7a9fb8558026aa02e69b
TCP_IP-DoS-ICMP2_train-705c10e1a9476694,data/raw/WiFI_and_MQTT/attacks/pcap/train/TCP_IP-DoS-ICMP2_train.pcap,ATTACK,ok,,839000014,839000014,839000014,data/features/v1/train/TCP_IP-DoS-ICMP2_train-705c10e1a9476694.parquet,387752,12929135,9693860,387752,true,0.000000,phase1c2_v1,phase1c3_v1,d3ee4f40f9e2a3da8f2821ea41d5115a8117b1cd921e7a9fb8558026aa02e69b
TCP_IP-DoS-ICMP3_train-7b8e8c5c841bcd62,data/raw/WiFI_and_MQTT/attacks/pcap/train/TCP_IP-DoS-ICMP3_train.pcap,ATTACK,ok,,839000053,839000053,839000053,data/features/v1/train/TCP_IP-DoS-ICMP3_train-7b8e8c5c841bcd62.parquet,434529,13623649,10863247,434529,true,0.000000,phase1c2_v1,phase1c3_v1,d3ee4f40f9e2a3da8f2821ea41d5115a8117b1cd921e7a9fb8558026aa02e69b
TCP_IP-DoS-ICMP4_train-2063df179b821a12,data/raw/WiFI_and_MQTT/attacks/pcap/train/TCP_IP-DoS-ICMP4_train.pcap,ATTACK,ok,,839000003,839000003,839000003,data/features/v1/train/TCP_IP-DoS-ICMP4_train-2063df179b821a12.parquet,424302,13783036,10607586,424302,true,0.000000,phase1c2_v1,phase1c3_v1,d3ee4f40f9e2a3da8f2821ea41d5115a8117b1cd921e7a9fb8558026aa02e69b
TCP_IP-DoS-SYN1_train-39759543872c0660,data/raw/WiFI_and_MQTT/attacks/pcap/train/TCP_IP-DoS-SYN1_train.pcap,ATTACK,ok,,901000069,901000069,901000069,data/features/v1/train/TCP_IP-DoS-SYN1_train-39759543872c0660.parquet,445545,16616199,11138638,445545,true,0.000000,phase1c2_v1,phase1c3_v1,d3ee4f40f9e2a3da8f2821ea41d5115a8117b1cd921e7a9fb8558026aa02e69b
TCP_IP-DoS-SYN2_train-143bfea32194d333,data/raw/WiFI_and_MQTT/attacks/pcap/train/TCP_IP-DoS-SYN2_train.pcap,ATTACK,ok,,901000021,901000021,901000021,data/features/v1/train/TCP_IP-DoS-SYN2_train-143bfea32194d333.parquet,446432,15411333,11160843,446432,true,0.000000,phase1c2_v1,phase1c3_v1,d3ee4f40f9e2a3da8f2821ea41d5115a8117b1cd921e7a9fb8558026aa02e69b
TCP_IP-DoS-SYN3_train-d7c95d3330c6de73,data/raw/WiFI_and_MQTT/attacks/pcap/train/TCP_IP-DoS-SYN3_train.pcap,ATTACK,ok,,901000027,901000027,901000027,data/features/v1/train/TCP_IP-DoS-SYN3_train-d7c95d3330c6de73.parquet,432548,14765668,10813744,432548,true,0.000000,phase1c2_v1,phase1c3_v1,d3ee4f40f9e2a3da8f2821ea41d5115a8117b1cd921e7a9fb8558026aa02e69b
TCP_IP-DoS-SYN4_train-6f58a2b6be91c88c,data/raw/WiFI_and_MQTT/attacks/pcap/train/TCP_IP-DoS-SYN4_train.pcap,ATTACK,ok,,901000009,901000009,901000009,data/features/v1/train/TCP_IP-DoS-SYN4_train-6f58a2b6be91c88c.parquet,442398,14954092,11059982,442398,true,0.000000,phase1c2_v1,phase1c3_v1,d3ee4f40f9e2a3da8f2821ea41d5115a8117b1cd921e7a9fb8558026aa02e69b
TCP_IP-DoS-TCP1_train-6a08fbf1e5b3072a,data/raw/WiFI_and_MQTT/attacks/pcap/train/TCP_IP-DoS-TCP1_train.pcap,ATTACK,ok,,757000067,757000067,757000067,data/features/v1/train/TCP_IP-DoS-TCP1_train-6a08fbf1e5b3072a.parquet,381507,12646242,9537689,381507,true,0.000000,phase1c2_v1,phase1c3_v1,d3ee4f40f9e2a3da8f2821ea41d5115a8117b1cd921e7a9fb8558026aa02e69b
TCP_IP-DoS-TCP2_train-8853e4b749af42d2,data/raw/WiFI_and_MQTT/attacks/pcap/train/TCP_IP-DoS-TCP2_train.pcap,ATTACK,ok,,757000002,757000002,757000002,data/features/v1/train/TCP_IP-DoS-TCP2_train-8853e4b749af42d2.parquet,381940,12812901,9548514,381940,true,0.000000,phase1c2_v1,phase1c3_v1,d3ee4f40f9e2a3da8f2821ea41d5115a8117b1cd921e7a9fb8558026aa02e69b
TCP_IP-DoS-TCP3_train-d43deb6bda91d593,data/raw/WiFI_and_MQTT/attacks/pcap/train/TCP_IP-DoS-TCP3_train.pcap,ATTACK,ok,,757000013,757000013,757000013,data/features/v1/train/TCP_IP-DoS-TCP3_train-d43deb6bda91d593.parquet,383711,12659604,9592792,383711,true,0.000000,phase1c2_v1,phase1c3_v1,d3ee4f40f9e2a3da8f2821ea41d5115a8117b1cd921e7a9fb8558026aa02e69b
TCP_IP-DoS-TCP4_train-ee50fb6ee9902745,data/raw/WiFI_and_MQTT/attacks/pcap/train/TCP_IP-DoS-TCP4_train.pcap,ATTACK,ok,,757000028,757000028,757000028,data/features/v1/train/TCP_IP-DoS-TCP4_train-ee50fb6ee9902745.parquet,373802,12217275,9345102,373802,true,0.000000,phase1c2_v1,phase1c3_v1,d3ee4f40f9e2a3da8f2821ea41d5115a8117b1cd921e7a9fb8558026aa02e69b
TCP_IP-DoS-UDP1_train-57283084e42b6cee,data/raw/WiFI_and_MQTT/attacks/pcap/train/TCP_IP-DoS-UDP1_train.pcap,ATTACK,ok,,1146000031,1146000031,1146000031,data/features/v1/train/TCP_IP-DoS-UDP1_train-57283084e42b6cee.parquet,547810,18136428,13695288,547810,true,0.000000,phase1c2_v1,phase1c3_v1,d3ee4f40f9e2a3da8f2821ea41d5115a8117b1cd921e7a9fb8558026aa02e69b
TCP_IP-DoS-UDP2_train-e7214b7f20307dd7,data/raw/WiFI_and_MQTT/attacks/pcap/train/TCP_IP-DoS-UDP2_train.pcap,ATTACK,ok,,1146000038,1146000038,1146000038,data/features/v1/train/TCP_IP-DoS-UDP2_train-e7214b7f20307dd7.parquet,561724,18220224,14043139,561724,true,0.000000,phase1c2_v1,phase1c3_v1,d3ee4f40f9e2a3da8f2821ea41d5115a8117b1cd921e7a9fb8558026aa02e69b
TCP_IP-DoS-UDP3_train-2a3160949fce0092,data/raw/WiFI_and_MQTT/attacks/pcap/train/TCP_IP-DoS-UDP3_train.pcap,ATTACK,ok,,1146000043,1146000043,1146000043,data/features/v1/train/TCP_IP-DoS-UDP3_train-2a3160949fce0092.parquet,584337,18521159,14608427,584337,true,0.000000,phase1c2_v1,phase1c3_v1,d3ee4f40f9e2a3da8f2821ea41d5115a8117b1cd921e7a9fb8558026aa02e69b
TCP_IP-DoS-UDP4_train-26a982778d5c9918,data/raw/WiFI_and_MQTT/attacks/pcap/train/TCP_IP-DoS-UDP4_train.pcap,ATTACK,ok,,1146000076,1146000076,1146000076,data/features/v1/train/TCP_IP-DoS-UDP4_train-26a982778d5c9918.parquet,572994,19606499,14324896,572994,true,0.000000,phase1c2_v1,phase1c3_v1,d3ee4f40f9e2a3da8f2821ea41d5115a8117b1cd921e7a9fb8558026aa02e69b
Active-75691db1b5d9bcb7,data/raw/WiFI_and_MQTT/profiling/PCAP/Active/Active.pcap,BENIGN,ok,,406062940,406062940,406062940,data/features/v1/train/Active-75691db1b5d9bcb7.parquet,41622,2484332,1040643,41622,true,0.000000,phase1c2_v1,phase1c3_v1,d3ee4f40f9e2a3da8f2821ea41d5115a8117b1cd921e7a9fb8558026aa02e69b
ActiveBroker-773ce2fbdc89f2e6,data/raw/WiFI_and_MQTT/profiling/PCAP/Broker/ActiveBroker.pcap,BENIGN,ok,,189852749,189852749,189852749,data/features/v1/train/ActiveBroker-773ce2fbdc89f2e6.parquet,79238,3885796,1981055,79238,true,0.000000,phase1c2_v1,phase1c3_v1,d3ee4f40f9e2a3da8f2821ea41d5115a8117b1cd921e7a9fb8558026aa02e69b
Idle-d722d61af6fa2e4f,data/raw/WiFI_and_MQTT/profiling/PCAP/Idle/Idle.pcap,BENIGN,ok,,73715235,73715235,73715235,data/features/v1/train/Idle-d722d61af6fa2e4f.parquet,13149,853065,328923,13149,true,0.000000,phase1c2_v1,phase1c3_v1,d3ee4f40f9e2a3da8f2821ea41d5115a8117b1cd921e7a9fb8558026aa02e69b
Blink_Camera_LAN_MIC-de6bc19993839f4f,data/raw/WiFI_and_MQTT/profiling/PCAP/Interactions/Blink_Camera/Blink_Camera_LAN_MIC.pcap,BENIGN,ok,,16322063,16322063,16322063,data/features/v1/train/Blink_Camera_LAN_MIC-de6bc19993839f4f.parquet,857,54164,21455,857,true,0.000000,phase1c2_v1,phase1c3_v1,d3ee4f40f9e2a3da8f2821ea41d5115a8117b1cd921e7a9fb8558026aa02e69b
Blink_Camera_LAN_WATCH-3f8bf69fb1069588,data/raw/WiFI_and_MQTT/profiling/PCAP/Interactions/Blink_Camera/Blink_Camera_LAN_WATCH.pcap,BENIGN,ok,,13989031,13989031,13989031,data/features/v1/train/Blink_Camera_LAN_WATCH-3f8bf69fb1069588.parquet,751,47698,18821,751,true,0.000000,phase1c2_v1,phase1c3_v1,d3ee4f40f9e2a3da8f2821ea41d5115a8117b1cd921e7a9fb8558026aa02e69b
Blink_Camera_WAN_MIC-e15dc3ec7ec45279,data/raw/WiFI_and_MQTT/profiling/PCAP/Interactions/Blink_Camera/Blink_Camera_WAN_MIC.pcap,BENIGN,ok,,16346146,16346146,16346146,data/features/v1/train/Blink_Camera_WAN_MIC-e15dc3ec7ec45279.parquet,885,55521,22173,885,true,0.000000,phase1c2_v1,phase1c3_v1,d3ee4f40f9e2a3da8f2821ea41d5115a8117b1cd921e7a9fb8558026aa02e69b
Blink_Camera_WAN_WATCH-d368ff79b64700f1,data/raw/WiFI_and_MQTT/profiling/PCAP/Interactions/Blink_Camera/Blink_Camera_WAN_WATCH.pcap,BENIGN,ok,,11186820,11186820,11186820,data/features/v1/train/Blink_Camera_WAN_WATCH-d368ff79b64700f1.parquet,632,42249,15857,632,true,0.000000,phase1c2_v1,phase1c3_v1,d3ee4f40f9e2a3da8f2821ea41d5115a8117b1cd921e7a9fb8558026aa02e69b
Ecobee_Camera_LAN_MIC-bd23bc998ec6fbae,data/raw/WiFI_and_MQTT/profiling/PCAP/Interactions/Ecobee_Camera/Ecobee_Camera_LAN_MIC.pcap,BENIGN,ok,,15712140,15712140,15712140,data/features/v1/train/Ecobee_Camera_LAN_MIC-bd23bc998ec6fbae.parquet,1547,93371,38731,1547,true,0.000000,phase1c2_v1,phase1c3_v1,d3ee4f40f9e2a3da8f2821ea41d5115a8117b1cd921e7a9fb8558026aa02e69b
Ecobee_Camera_LAN_WATCH-86027c5a7abe11b1,data/raw/WiFI_and_MQTT/profiling/PCAP/Interactions/Ecobee_Camera/Ecobee_Camera_LAN_WATCH.pcap,BENIGN,ok,,11744319,11744319,11744319,data/features/v1/train/Ecobee_Camera_LAN_WATCH-86027c5a7abe11b1.parquet,1464,90093,36647,1464,true,0.000000,phase1c2_v1,phase1c3_v1,d3ee4f40f9e2a3da8f2821ea41d5115a8117b1cd921e7a9fb8558026aa02e69b
Ecobee_Camera_WAN_MIC-9f00e38f021daf12,data/raw/WiFI_and_MQTT/profiling/PCAP/Interactions/Ecobee_Camera/Ecobee_Camera_WAN_MIC.pcap,BENIGN,ok,,14783351,14783351,14783351,data/features/v1/train/Ecobee_Camera_WAN_MIC-9f00e38f021daf12.parquet,1433,87846,35853,1433,true,0.000000,phase1c2_v1,phase1c3_v1,d3ee4f40f9e2a3da8f2821ea41d5115a8117b1cd921e7a9fb8558026aa02e69b
Ecobee_Camera_WAN_WATCH-d8fd5b4e4a5384d9,data/raw/WiFI_and_MQTT/profiling/PCAP/Interactions/Ecobee_Camera/Ecobee_Camera_WAN_WATCH.pcap,BENIGN,ok,,10812301,10812301,10812301,data/features/v1/train/Ecobee_Camera_WAN_WATCH-d8fd5b4e4a5384d9.parquet,1334,83325,33376,1334,true,0.000000,phase1c2_v1,phase1c3_v1,d3ee4f40f9e2a3da8f2821ea41d5115a8117b1cd921e7a9fb8558026aa02e69b
M1T_Camera_LAN_MIC-82292e094d4c92fc,data/raw/WiFI_and_MQTT/profiling/PCAP/Interactions/M1T_Camera/M1T_Camera_LAN_MIC.pcap,BENIGN,ok,,7351612,7351612,7351612,data/features/v1/train/M1T_Camera_LAN_MIC-82292e094d4c92fc.parquet,643,44130,16106,643,true,0.000000,phase1c2_v1,phase1c3_v1,d3ee4f40f9e2a3da8f2821ea41d5115a8117b1cd921e7a9fb8558026aa02e69b
M1T_Camera_LAN_PHOTO-5c311124058e65a8,data/raw/WiFI_and_MQTT/profiling/PCAP/Interactions/M1T_Camera/M1T_Camera_LAN_PHOTO.pcap,BENIGN,ok,,971116,971116,971116,data/features/v1/train/M1T_Camera_LAN_PHOTO-5c311124058e65a8.parquet,56,14060,1439,56,true,0.000000,phase1c2_v1,phase1c3_v1,d3ee4f40f9e2a3da8f2821ea41d5115a8117b1cd921e7a9fb8558026aa02e69b
M1T_Camera_LAN_PRECORDING-52238a5ec47bd101,data/raw/WiFI_and_MQTT/profiling/PCAP/Interactions/M1T_Camera/M1T_Camera_LAN_PRECORDING.pcap,BENIGN,ok,,4589034,4589034,4589034,data/features/v1/train/M1T_Camera_LAN_PRECORDING-52238a5ec47bd101.parquet,338,28636,8484,338,true,0.000000,phase1c2_v1,phase1c3_v1,d3ee4f40f9e2a3da8f2821ea41d5115a8117b1cd921e7a9fb8558026aa02e69b
M1T_Camera_LAN_WATCH-be56cf109f9deaa9,data/raw/WiFI_and_MQTT/profiling/PCAP/Interactions/M1T_Camera/M1T_Camera_LAN_WATCH.pcap,BENIGN,ok,,3927885,3927885,3927885,data/features/v1/train/M1T_Camera_LAN_WATCH-be56cf109f9deaa9.parquet,473,35937,11865,473,true,0.000000,phase1c2_v1,phase1c3_v1,d3ee4f40f9e2a3da8f2821ea41d5115a8117b1cd921e7a9fb8558026aa02e69b
M1T_Camera_WAN_MIC-81f4bd71b5e6453b,data/raw/WiFI_and_MQTT/profiling/PCAP/Interactions/M1T_Camera/M1T_Camera_WAN_MIC.pcap,BENIGN,ok,,7757592,7757592,7757592,data/features/v1/train/M1T_Camera_WAN_MIC-81f4bd71b5e6453b.parquet,693,46969,17354,693,true,0.000000,phase1c2_v1,phase1c3_v1,d3ee4f40f9e2a3da8f2821ea41d5115a8117b1cd921e7a9fb8558026aa02e69b
M1T_Camera_WAN_PHOTO-3ed5188c39d7b60c,data/raw/WiFI_and_MQTT/profiling/PCAP/Interactions/M1T_Camera/M1T_Camera_WAN_PHOTO.pcap,BENIGN,ok,,1512190,1512190,1512190,data/features/v1/train/M1T_Camera_WAN_PHOTO-3ed5188c39d7b60c.parquet,229,23078,5769,229,true,0.000000,phase1c2_v1,phase1c3_v1,d3ee4f40f9e2a3da8f2821ea41d5115a8117b1cd921e7a9fb8558026aa02e69b
M1T_Camera_WAN_RECORDING-24eb271fd02aef20,data/raw/WiFI_and_MQTT/profiling/PCAP/Interactions/M1T_Camera/M1T_Camera_WAN_RECORDING.pcap,BENIGN,ok,,6376820,6376820,6376820,data/features/v1/train/M1T_Camera_WAN_RECORDING-24eb271fd02aef20.parquet,657,45826,16442,657,true,0.000000,phase1c2_v1,phase1c3_v1,d3ee4f40f9e2a3da8f2821ea41d5115a8117b1cd921e7a9fb8558026aa02e69b
M1T_Camera_WAN_WATCH-87c44d4b3f40c536,data/raw/WiFI_and_MQTT/profiling/PCAP/Interactions/M1T_Camera/M1T_Camera_WAN_WATCH.pcap,BENIGN,ok,,6000664,6000664,6000664,data/features/v1/train/M1T_Camera_WAN_WATCH-87c44d4b3f40c536.parquet,629,44248,15752,629,true,0.000000,phase1c2_v1,phase1c3_v1,d3ee4f40f9e2a3da8f2821ea41d5115a8117b1cd921e7a9fb8558026aa02e69b
Owltron_Camera_LAN_MIC-513871f21444e330,data/raw/WiFI_and_MQTT/profiling/PCAP/Interactions/Owltron_Camera/Owltron_Camera_LAN_MIC.pcap,BENIGN,ok,,29541025,29541025,29541025,data/features/v1/train/Owltron_Camera_LAN_MIC-513871f21444e330.parquet,1555,86849,38911,1555,true,0.000000,phase1c2_v1,phase1c3_v1,d3ee4f40f9e2a3da8f2821ea41d5115a8117b1cd921e7a9fb8558026aa02e69b
Owltron_Camera_LAN_PHOTO-69a017e92848fbf2,data/raw/WiFI_and_MQTT/profiling/PCAP/Interactions/Owltron_Camera/Owltron_Camera_LAN_PHOTO.pcap,BENIGN,ok,,6526724,6526724,6526724,data/features/v1/train/Owltron_Camera_LAN_PHOTO-69a017e92848fbf2.parquet,351,29253,8810,351,true,0.000000,phase1c2_v1,phase1c3_v1,d3ee4f40f9e2a3da8f2821ea41d5115a8117b1cd921e7a9fb8558026aa02e69b
Owltron_Camera_LAN_RECORDING-ca11ebd976e95b7a,data/raw/WiFI_and_MQTT/profiling/PCAP/Interactions/Owltron_Camera/Owltron_Camera_LAN_RECORDING.pcap,BENIGN,ok,,28517721,28517721,28517721,data/features/v1/train/Owltron_Camera_LAN_RECORDING-ca11ebd976e95b7a.parquet,1465,81965,36662,1465,true,0.000000,phase1c2_v1,phase1c3_v1,d3ee4f40f9e2a3da8f2821ea41d5115a8117b1cd921e7a9fb8558026aa02e69b
Owltron_Camera_LAN_WATCH-cda5a932525e6361,data/raw/WiFI_and_MQTT/profiling/PCAP/Interactions/Owltron_Camera/Owltron_Camera_LAN_WATCH.pcap,BENIGN,ok,,22179270,22179270,22179270,data/features/v1/train/Owltron_Camera_LAN_WATCH-cda5a932525e6361.parquet,1223,72880,30605,1223,true,0.000000,phase1c2_v1,phase1c3_v1,d3ee4f40f9e2a3da8f2821ea41d5115a8117b1cd921e7a9fb8558026aa02e69b
Owltron_Camera_WAN_MIC-7fcce3ac94583d03,data/raw/WiFI_and_MQTT/profiling/PCAP/Interactions/Owltron_Camera/Owltron_Camera_WAN_MIC.pcap,BENIGN,ok,,28442798,28442798,28442798,data/features/v1/train/Owltron_Camera_WAN_MIC-7fcce3ac94583d03.parquet,1491,83620,37326,1491,true,0.000000,phase1c2_v1,phase1c3_v1,d3ee4f40f9e2a3da8f2821ea41d5115a8117b1cd921e7a9fb8558026aa02e69b
Owltron_Camera_WAN_PHOTO-5c62c1a67a91c873,data/raw/WiFI_and_MQTT/profiling/PCAP/Interactions/Owltron_Camera/Owltron_Camera_WAN_PHOTO.pcap,BENIGN,ok,,4429983,4429983,4429983,data/features/v1/train/Owltron_Camera_WAN_PHOTO-5c62c1a67a91c873.parquet,226,22490,5695,226,true,0.000000,phase1c2_v1,phase1c3_v1,d3ee4f40f9e2a3da8f2821ea41d5115a8117b1cd921e7a9fb8558026aa02e69b
Owltron_Camera_WAN_RECORDING-3648d530c3ad1085,data/raw/WiFI_and_MQTT/profiling/PCAP/Interactions/Owltron_Camera/Owltron_Camera_WAN_RECORDING.pcap,BENIGN,ok,,32364662,32364662,32364662,data/features/v1/train/Owltron_Camera_WAN_RECORDING-3648d530c3ad1085.parquet,1604,88289,40120,1604,true,0.000000,phase1c2_v1,phase1c3_v1,d3ee4f40f9e2a3da8f2821ea41d5115a8117b1cd921e7a9fb8558026aa02e69b
Owltron_Camera_WAN_WATCH-e3699111318bff69,data/raw/WiFI_and_MQTT/profiling/PCAP/Interactions/Owltron_Camera/Owltron_Camera_WAN_WATCH.pcap,BENIGN,ok,,26913944,26913944,26913944,data/features/v1/train/Owltron_Camera_WAN_WATCH-e3699111318bff69.parquet,1400,79098,35040,1400,true,0.000000,phase1c2_v1,phase1c3_v1,d3ee4f40f9e2a3da8f2821ea41d5115a8117b1cd921e7a9fb8558026aa02e69b
Singcall_LAN_PHYSICAL-015d084b26c99a8c,data/raw/WiFI_and_MQTT/profiling/PCAP/Interactions/Singcall/Singcall_LAN_PHYSICAL.pcap,BENIGN,ok,,62272,62272,62272,data/features/v1/train/Singcall_LAN_PHYSICAL-015d084b26c99a8c.parquet,16,12134,419,16,true,0.000000,phase1c2_v1,phase1c3_v1,d3ee4f40f9e2a3da8f2821ea41d5115a8117b1cd921e7a9fb8558026aa02e69b
Singcall_WAN_PHYSICAL-648acf97ea26a9fb,data/raw/WiFI_and_MQTT/profiling/PCAP/Interactions/Singcall/Singcall_WAN_PHYSICAL.pcap,BENIGN,ok,,51650,51650,51650,data/features/v1/train/Singcall_WAN_PHYSICAL-648acf97ea26a9fb.parquet,12,11762,334,12,true,0.000000,phase1c2_v1,phase1c3_v1,d3ee4f40f9e2a3da8f2821ea41d5115a8117b1cd921e7a9fb8558026aa02e69b
Blink_Mini_Camera_Power-ae915edb988f5bdc,data/raw/WiFI_and_MQTT/profiling/PCAP/Power/Blink_Mini_Camera_Power.pcap,BENIGN,ok,,93973,93973,93973,data/features/v1/train/Blink_Mini_Camera_Power-ae915edb988f5bdc.parquet,15,11963,568,15,true,0.000000,phase1c2_v1,phase1c3_v1,d3ee4f40f9e2a3da8f2821ea41d5115a8117b1cd921e7a9fb8558026aa02e69b
Ecobee_Camera_Power-670935afbd6dd632,data/raw/WiFI_and_MQTT/profiling/PCAP/Power/Ecobee_Camera_Power.pcap,BENIGN,ok,,1362348,1362348,1362348,data/features/v1/train/Ecobee_Camera_Power-670935afbd6dd632.parquet,90,17012,2651,90,true,0.000000,phase1c2_v1,phase1c3_v1,d3ee4f40f9e2a3da8f2821ea41d5115a8117b1cd921e7a9fb8558026aa02e69b
M1T_Camera_Power-09122daa7d244f73,data/raw/WiFI_and_MQTT/profiling/PCAP/Power/M1T_Camera_Power.pcap,BENIGN,ok,,124866,124866,124866,data/features/v1/train/M1T_Camera_Power-09122daa7d244f73.parquet,13,11777,413,13,true,0.000000,phase1c2_v1,phase1c3_v1,d3ee4f40f9e2a3da8f2821ea41d5115a8117b1cd921e7a9fb8558026aa02e69b
Owltron_Camera_Power-e29ebcb4aba84f5c,data/raw/WiFI_and_MQTT/profiling/PCAP/Power/Owltron_Camera_Power.pcap,BENIGN,ok,,270071,270071,270071,data/features/v1/train/Owltron_Camera_Power-e29ebcb4aba84f5c.parquet,40,13842,1207,40,true,0.000000,phase1c2_v1,phase1c3_v1,d3ee4f40f9e2a3da8f2821ea41d5115a8117b1cd921e7a9fb8558026aa02e69b
Singcall_Power-2e7ddb9f29135c81,data/raw/WiFI_and_MQTT/profiling/PCAP/Power/Singcall_Power.pcap,BENIGN,ok,,79525,79525,79525,data/features/v1/train/Singcall_Power-2e7ddb9f29135c81.parquet,16,12229,506,16,true,0.000000,phase1c2_v1,phase1c3_v1,d3ee4f40f9e2a3da8f2821ea41d5115a8117b1cd921e7a9fb8558026aa02e69b
