scope,pcap_path,packet_index,timestamp,severity,issue_code,detail,parse_status,protocol_name
file,data/raw/WiFI_and_MQTT/attacks/pcap/test/ARP_Spoofing_test.pcap,,,warning,file:timestamp_duplicate,duplicate adjacent timestamps: 3301,,
file,data/raw/WiFI_and_MQTT/attacks/pcap/test/ARP_Spoofing_test.pcap,,,warning,file:unsupported_present,unsupported packets: 1,,
file,data/raw/WiFI_and_MQTT/attacks/pcap/test/Benign_test.pcap,,,warning,file:timestamp_duplicate,duplicate adjacent timestamps: 745,,
file,data/raw/WiFI_and_MQTT/attacks/pcap/test/Benign_test.pcap,,,warning,file:timestamp_reversal,negative timestamp deltas: 15,,
file,data/raw/WiFI_and_MQTT/attacks/pcap/test/Benign_test.pcap,,,warning,file:unsupported_present,unsupported packets: 60,,
file,data/raw/WiFI_and_MQTT/attacks/pcap/test/MQTT-DDoS-Connect_Flood_test.pcap,,,warning,file:timestamp_duplicate,duplicate adjacent timestamps: 2117561,,
file,data/raw/WiFI_and_MQTT/attacks/pcap/test/MQTT-DDoS-Connect_Flood_test.pcap,,,warning,file:timestamp_reversal,negative timestamp deltas: 12196,,
file,data/raw/WiFI_and_MQTT/attacks/pcap/test/MQTT-DDoS-Publish_Flood_test.pcap,,,warning,file:timestamp_duplicate,duplicate adjacent timestamps: 319197,,
file,data/raw/WiFI_and_MQTT/attacks/pcap/test/MQTT-DDoS-Publish_Flood_test.pcap,,,warning,file:timestamp_reversal,negative timestamp deltas: 803,,
file,data/raw/WiFI_and_MQTT/attacks/pcap/test/MQTT-DDoS-Publish_Flood_test.pcap,,,warning,file:unsupported_present,unsupported packets: 1,,
file,data/raw/WiFI_and_MQTT/attacks/pcap/test/MQTT-DoS-Connect_Flood_test.pcap,,,warning,file:timestamp_duplicate,duplicate adjacent timestamps: 81169,,
file,data/raw/WiFI_and_MQTT/attacks/pcap/test/MQTT-DoS-Connect_Flood_test.pcap,,,warning,file:timestamp_reversal,negative timestamp deltas: 285,,
file,data/raw/WiFI_and_MQTT/attacks/pcap/test/MQTT-DoS-Connect_Flood_test.pcap,,,warning,file:unsupported_present,unsupported packets: 2,,
file,data/raw/WiFI_and_MQTT/attacks/pcap/test/MQTT-DoS-Publish_Flood_test.pcap,,,warning,file:timestamp_duplicate,duplicate adjacent timestamps: 314211,,
file,data/raw/WiFI_and_MQTT/attacks/pcap/test/MQTT-DoS-Publish_Flood_test.pcap,,,warning,file:timestamp_reversal,negative timestamp deltas: 2128,,
file,data/raw/WiFI_and_MQTT/attacks/pcap/test/MQTT-DoS-Publish_Flood_test.pcap,,,warning,file:unsupported_present,unsupported packets: 1,,
file,data/raw/WiFI_and_MQTT/attacks/pcap/test/MQTT-Malformed_Data_test.pcap,,,warning,file:timestamp_duplicate,duplicate adjacent timestamps: 4838,,
file,data/raw/WiFI_and_MQTT/attacks/pcap/test/Recon-OS_Scan_test.pcap,,,warning,file:timestamp_duplicate,duplicate adjacent timestamps: 14028,,
file,data/raw/WiFI_and_MQTT/attacks/pcap/test/Recon-OS_Scan_test.pcap,,,warning,file:timestamp_reversal,negative timestamp deltas: 13,,
file,data/raw/WiFI_and_MQTT/attacks/pcap/test/Recon-OS_Scan_test.pcap,,,warning,file:unsupported_present,unsupported packets: 1,,
file,data/raw/WiFI_and_MQTT/attacks/pcap/test/Recon-Ping_Sweep_test.pcap,,,warning,file:timestamp_duplicate,duplicate adjacent timestamps: 9,,
file,data/raw/WiFI_and_MQTT/attacks/pcap/test/Recon-Port_Scan_test.pcap,,,warning,file:timestamp_duplicate,duplicate adjacent timestamps: 108369,,
file,data/raw/WiFI_and_MQTT/attacks/pcap/test/Recon-Port_Scan_test.pcap,,,warning,file:timestamp_reversal,negative timestamp deltas: 112,,
file,data/raw/WiFI_and_MQTT/attacks/pcap/test/Recon-VulScan_test.pcap,,,warning,file:timestamp_duplicate,duplicate adjacent timestamps: 1203,,
file,data/raw/WiFI_and_MQTT/attacks/pcap/test/Recon-VulScan_test.pcap,,,warning,file:timestamp_reversal,negative timestamp deltas: 533,,
file,data/raw/WiFI_and_MQTT/attacks/pcap/test/Recon-VulScan_test.pcap,,,warning,file:unsupported_present,unsupported packets: 1,,
file,data/raw/WiFI_and_MQTT/attacks/pcap/test/TCP_IP-DDoS-ICMP1_test.pcap,,,warning,file:timestamp_duplicate,duplicate adjacent timestamps: 7701701,,
file,data/raw/WiFI_and_MQTT/attacks/pcap/test/TCP_IP-DDoS-ICMP1_test.pcap,,,warning,file:timestamp_reversal,negative timestamp deltas: 3717,,
file,data/raw/WiFI_and_MQTT/attacks/pcap/test/TCP_IP-DDoS-ICMP1_test.pcap,,,warning,file:unsupported_present,unsupported packets: 1,,
file,data/raw/WiFI_and_MQTT/attacks/pcap/test/TCP_IP-DDoS-ICMP2_test.pcap,,,warning,file:timestamp_duplicate,duplicate adjacent timestamps: 10022437,,
file,data/raw/WiFI_and_MQTT/attacks/pcap/test/TCP_IP-DDoS-ICMP2_test.pcap,,,warning,file:timestamp_reversal,negative timestamp deltas: 2970,,
file,data/raw/WiFI_and_MQTT/attacks/pcap/test/TCP_IP-DDoS-ICMP2_test.pcap,,,warning,file:unsupported_present,unsupported packets: 3,,
file,data/raw/WiFI_and_MQTT/attacks/pcap/test/TCP_IP-DDoS-SYN_test.pcap,,,warning,file:timestamp_duplicate,duplicate adjacent timestamps: 8832728,,
file,data/raw/WiFI_and_MQTT/attacks/pcap/test/TCP_IP-DDoS-SYN_test.pcap,,,warning,file:timestamp_reversal,negative timestamp deltas: 35104,,
file,data/raw/WiFI_and_MQTT/attacks/pcap/test/TCP_IP-DDoS-SYN_test.pcap,,,warning,file:unsupported_present,unsupported packets: 7,,
file,data/raw/WiFI_and_MQTT/attacks/pcap/test/TCP_IP-DDoS-TCP_test.pcap,,,warning,file:timestamp_duplicate,duplicate adjacent timestamps: 9162649,,
file,data/raw/WiFI_and_MQTT/attacks/pcap/test/TCP_IP-DDoS-TCP_test.pcap,,,warning,file:timestamp_reversal,negative timestamp deltas: 17357,,
file,data/raw/WiFI_and_MQTT/attacks/pcap/test/TCP_IP-DDoS-TCP_test.pcap,,,warning,file:unsupported_present,unsupported packets: 7,,
file,data/raw/WiFI_and_MQTT/attacks/pcap/test/TCP_IP-DDoS-UDP1_test.pcap,,,warning,file:timestamp_duplicate,duplicate adjacent timestamps: 11256827,,
file,data/raw/WiFI_and_MQTT/attacks/pcap/test/TCP_IP-DDoS-UDP1_test.pcap,,,warning,file:timestamp_reversal,negative timestamp deltas: 2982,,
file,data/raw/WiFI_and_MQTT/attacks/pcap/test/TCP_IP-DDoS-UDP1_test.pcap,,,warning,file:unsupported_present,unsupported packets: 3,,
file,data/raw/WiFI_and_MQTT/attacks/pcap/test/TCP_IP-DDoS-UDP2_test.pcap,,,warning,file:timestamp_duplicate,duplicate adjacent timestamps: 8113066,,
file,data/raw/WiFI_and_MQTT/attacks/pcap/test/TCP_IP-DDoS-UDP2_test.pcap,,,warning,file:timestamp_reversal,negative timestamp deltas: 1380,,
file,data/raw/WiFI_and_MQTT/attacks/pcap/test/TCP_IP-DDoS-UDP2_test.pcap,,,warning,file:unsupported_present,unsupported packets: 1,,
file,data/raw/WiFI_and_MQTT/attacks/pcap/test/TCP_IP-DoS-ICMP_test.pcap,,,warning,file:timestamp_duplicate,duplicate adjacent timestamps: 4611092,,
file,data/raw/WiFI_and_MQTT/attacks/pcap/test/TCP_IP-DoS-ICMP_test.pcap,,,warning,file:timestamp_reversal,negative timestamp deltas: 23,,
file,data/raw/WiFI_and_MQTT/attacks/pcap/test/TCP_IP-DoS-ICMP_test.pcap,,,warning,file:unsupported_present,unsupported packets: 5,,
file,data/raw/WiFI_and_MQTT/attacks/pcap/test/TCP_IP-DoS-SYN_test.pcap,,,warning,file:timestamp_duplicate,duplicate adjacent timestamps: 3938301,,
file,data/raw/WiFI_and_MQTT/attacks/pcap/test/TCP_IP-DoS-SYN_test.pcap,,,warning,file:timestamp_reversal,negative timestamp deltas: 73570,,
file,data/raw/WiFI_and_MQTT/attacks/pcap/test/TCP_IP-DoS-SYN_test.pcap,,,warning,file:unsupported_present,unsupported packets: 1,,
file,data/raw/WiFI_and_MQTT/attacks/pcap/test/TCP_IP-DoS-TCP_test.pcap,,,warning,file:timestamp_duplicate,duplicate adjacent timestamps: 2943540,,
file,data/raw/WiFI_and_MQTT/attacks/pcap/test/TCP_IP-DoS-TCP_test.pcap,,,warning,file:timestamp_reversal,negative timestamp deltas: 9953,,
file,data/raw/WiFI_and_MQTT/attacks/pcap/test/TCP_IP-DoS-TCP_test.pcap,,,warning,file:unsupported_present,unsupported packets: 2,,
file,data/raw/WiFI_and_MQTT/attacks/pcap/test/TCP_IP-DoS-UDP_test.pcap,,,warning,file:timestamp_duplicate,duplicate adjacent timestamps: 6584636,,
file,data/raw/WiFI_and_MQTT/attacks/pcap/test/TCP_IP-DoS-UDP_test.pcap,,,warning,file:timestamp_reversal,negative timestamp deltas: 329,,
file,data/raw/WiFI_and_MQTT/attacks/pcap/test/TCP_IP-DoS-UDP_test.pcap,,,warning,file:unsupported_present,unsupported packets: 4,,
file,data/raw/WiFI_and_MQTT/attacks/pcap/train/ARP_Spoofing_train.pcap,,,warning,file:timestamp_duplicate,duplicate adjacent timestamps: 33339,,
file,data/raw/WiFI_and_MQTT/attacks/pcap/train/ARP_Spoofing_train.pcap,,,warning,file:unsupported_present,unsupported packets: 9,,
file,data/raw/WiFI_and_MQTT/attacks/pcap/train/Benign_train.pcap,,,warning,file:timestamp_duplicate,duplicate adjacent timestamps: 43881,,
file,data/raw/WiFI_and_MQTT/attacks/pcap/train/Benign_train.pcap,,,warning,file:timestamp_reversal,negative timestamp deltas: 1032,,
file,data/raw/WiFI_and_MQTT/attacks/pcap/train/Benign_train.pcap,,,warning,file:unsupported_present,unsupported packets: 340,,
file,data/raw/WiFI_and_MQTT/attacks/pcap/train/MQTT-DDoS-Connect_Flood_train.pcap,,,warning,file:timestamp_duplicate,duplicate adjacent timestamps: 8583988,,
file,data/raw/WiFI_and_MQTT/attacks/pcap/train/MQTT-DDoS-Connect_Flood_train.pcap,,,warning,file:timestamp_reversal,negative timestamp deltas: 57419,,
file,data/raw/WiFI_and_MQTT/attacks/pcap/train/MQTT-DDoS-Connect_Flood_train.pcap,,,warning,file:unsupported_present,unsupported packets: 1,,
file,data/raw/WiFI_and_MQTT/attacks/pcap/train/MQTT-DDoS-Publish_Flood_train.pcap,,,warning,file:timestamp_duplicate,duplicate adjacent timestamps: 987944,,
file,data/raw/WiFI_and_MQTT/attacks/pcap/train/MQTT-DDoS-Publish_Flood_train.pcap,,,warning,file:timestamp_reversal,negative timestamp deltas: 3916,,
file,data/raw/WiFI_and_MQTT/attacks/pcap/train/MQTT-DDoS-Publish_Flood_train.pcap,,,warning,file:unsupported_present,unsupported packets: 2,,
file,data/raw/WiFI_and_MQTT/attacks/pcap/train/MQTT-DoS-Connect_Flood_train.pcap,,,warning,file:timestamp_duplicate,duplicate adjacent timestamps: 380689,,
file,data/raw/WiFI_and_MQTT/attacks/pcap/train/MQTT-DoS-Connect_Flood_train.pcap,,,warning,file:timestamp_reversal,negative timestamp deltas: 3095,,
file,data/raw/WiFI_and_MQTT/attacks/pcap/train/MQTT-DoS-Publish_Flood_train.pcap,,,warning,file:timestamp_duplicate,duplicate adjacent timestamps: 1682672,,
file,data/raw/WiFI_and_MQTT/attacks/pcap/train/MQTT-DoS-Publish_Flood_train.pcap,,,warning,file:timestamp_reversal,negative timestamp deltas: 14826,,
file,data/raw/WiFI_and_MQTT/attacks/pcap/train/MQTT-DoS-Publish_Flood_train.pcap,,,warning,file:unsupported_present,unsupported packets: 2,,
file,data/raw/WiFI_and_MQTT/attacks/pcap/train/MQTT-Malformed_Data_train.pcap,,,warning,file:timestamp_duplicate,duplicate adjacent timestamps: 18488,,
file,data/raw/WiFI_and_MQTT/attacks/pcap/train/MQTT-Malformed_Data_train.pcap,,,warning,file:timestamp_reversal,negative timestamp deltas: 6,,
file,data/raw/WiFI_and_MQTT/attacks/pcap/train/MQTT-Malformed_Data_train.pcap,,,warning,file:unsupported_present,unsupported packets: 1,,
file,data/raw/WiFI_and_MQTT/attacks/pcap/train/Recon-OS_Scan_train.pcap,,,warning,file:timestamp_duplicate,duplicate adjacent timestamps: 57348,,
file,data/raw/WiFI_and_MQTT/attacks/pcap/train/Recon-OS_Scan_train.pcap,,,warning,file:timestamp_reversal,negative timestamp deltas: 81,,
file,data/raw/WiFI_and_MQTT/attacks/pcap/train/Recon-OS_Scan_train.pcap,,,warning,file:unsupported_present,unsupported packets: 3,,
file,data/raw/WiFI_and_MQTT/attacks/pcap/train/Recon-Ping_Sweep_train.pcap,,,warning,file:timestamp_duplicate,duplicate adjacent timestamps: 57,,
file,data/raw/WiFI_and_MQTT/attacks/pcap/train/Recon-Ping_Sweep_train.pcap,,,warning,file:timestamp_reversal,negative timestamp deltas: 1,,
file,data/raw/WiFI_and_MQTT/attacks/pcap/train/Recon-Ping_Sweep_train.pcap,,,warning,file:unsupported_present,unsupported packets: 2,,
file,data/raw/WiFI_and_MQTT/attacks/pcap/train/Recon-Port_Scan_train.pcap,,,warning,file:timestamp_duplicate,duplicate adjacent timestamps: 361557,,
file,data/raw/WiFI_and_MQTT/attacks/pcap/train/Recon-Port_Scan_train.pcap,,,warning,file:timestamp_reversal,negative timestamp deltas: 475,,
file,data/raw/WiFI_and_MQTT/attacks/pcap/train/Recon-Port_Scan_train.pcap,,,warning,file:unsupported_present,unsupported packets: 4,,
file,data/raw/WiFI_and_MQTT/attacks/pcap/train/Recon-VulScan_train.pcap,,,warning,file:timestamp_duplicate,duplicate adjacent timestamps: 5540,,
file,data/raw/WiFI_and_MQTT/attacks/pcap/train/Recon-VulScan_train.pcap,,,warning,file:timestamp_reversal,negative timestamp deltas: 9,,
file,data/raw/WiFI_and_MQTT/attacks/pcap/train/Recon-VulScan_train.pcap,,,warning,file:unsupported_present,unsupported packets: 1,,
file,data/raw/WiFI_and_MQTT/attacks/pcap/train/TCP_IP-DDoS-ICMP1_train.pcap,,,warning,file:malformed_present,malformed packets: 1 (0.0000%),,
file,data/raw/WiFI_and_MQTT/attacks/pcap/train/TCP_IP-DDoS-ICMP1_train.pcap,,,warning,file:timestamp_duplicate,duplicate adjacent timestamps: 9666298,,
file,data/raw/WiFI_and_MQTT/attacks/pcap/train/TCP_IP-DDoS-ICMP1_train.pcap,,,warning,file:timestamp_reversal,negative timestamp deltas: 1353,,
file,data/raw/WiFI_and_MQTT/attacks/pcap/train/TCP_IP-DDoS-ICMP1_train.pcap,,,warning,file:unsupported_present,unsupported packets: 1,,
file,data/raw/WiFI_and_MQTT/attacks/pcap/train/TCP_IP-DDoS-ICMP2_train.pcap,,,warning,file:timestamp_duplicate,duplicate adjacent timestamps: 10376201,,
file,data/raw/WiFI_and_MQTT/attacks/pcap/train/TCP_IP-DDoS-ICMP2_train.pcap,,,warning,file:timestamp_reversal,negative timestamp deltas: 7514,,
file,data/raw/WiFI_and_MQTT/attacks/pcap/train/TCP_IP-DDoS-ICMP2_train.pcap,,,warning,file:unsupported_present,unsupported packets: 3,,
file,data/raw/WiFI_and_MQTT/attacks/pcap/train/TCP_IP-DDoS-ICMP3_train.pcap,,,warning,file:timestamp_duplicate,duplicate adjacent timestamps: 11912066,,
file,data/raw/WiFI_and_MQTT/attacks/pcap/train/TCP_IP-DDoS-ICMP3_train.pcap,,,warning,file:timestamp_reversal,negative timestamp deltas: 3717,,
file,data/raw/WiFI_and_MQTT/attacks/pcap/train/TCP_IP-DDoS-ICMP3_train.pcap,,,warning,file:unsupported_present,unsupported packets: 1,,
file,data/raw/WiFI_and_MQTT/attacks/pcap/train/TCP_IP-DDoS-ICMP4_train.pcap,,,warning,file:timestamp_duplicate,duplicate adjacent timestamps: 11770241,,
file,data/raw/WiFI_and_MQTT/attacks/pcap/train/TCP_IP-DDoS-ICMP4_train.pcap,,,warning,file:timestamp_reversal,negative timestamp deltas: 2482,,
file,data/raw/WiFI_and_MQTT/attacks/pcap/train/TCP_IP-DDoS-ICMP4_train.pcap,,,warning,file:unsupported_present,unsupported packets: 3,,
file,data/raw/WiFI_and_MQTT/attacks/pcap/train/TCP_IP-DDoS-ICMP5_train.pcap,,,warning,file:timestamp_duplicate,duplicate adjacent timestamps: 11159266,,
file,data/raw/WiFI_and_MQTT/attacks/pcap/train/TCP_IP-DDoS-ICMP5_train.pcap,,,warning,file:timestamp_reversal,negative timestamp deltas: 2028,,
file,data/raw/WiFI_and_MQTT/attacks/pcap/train/TCP_IP-DDoS-ICMP5_train.pcap,,,warning,file:unsupported_present,unsupported packets: 1,,
file,data/raw/WiFI_and_MQTT/attacks/pcap/train/TCP_IP-DDoS-ICMP6_train.pcap,,,warning,file:timestamp_duplicate,duplicate adjacent timestamps: 10209991,,
file,data/raw/WiFI_and_MQTT/attacks/pcap/train/TCP_IP-DDoS-ICMP6_train.pcap,,,warning,file:timestamp_reversal,negative timestamp deltas: 840,,
file,data/raw/WiFI_and_MQTT/attacks/pcap/train/TCP_IP-DDoS-ICMP6_train.pcap,,,warning,file:unsupported_present,unsupported packets: 1,,
file,data/raw/WiFI_and_MQTT/attacks/pcap/train/TCP_IP-DDoS-ICMP7_train.pcap,,,warning,file:timestamp_duplicate,duplicate adjacent timestamps: 9254124,,
file,data/raw/WiFI_and_MQTT/attacks/pcap/train/TCP_IP-DDoS-ICMP7_train.pcap,,,warning,file:timestamp_reversal,negative timestamp deltas: 1053,,
file,data/raw/WiFI_and_MQTT/attacks/pcap/train/TCP_IP-DDoS-ICMP7_train.pcap,,,warning,file:unsupported_present,unsupported packets: 4,,
file,data/raw/WiFI_and_MQTT/attacks/pcap/train/TCP_IP-DDoS-ICMP8_train.pcap,,,warning,file:timestamp_duplicate,duplicate adjacent timestamps: 9975177,,
file,data/raw/WiFI_and_MQTT/attacks/pcap/train/TCP_IP-DDoS-ICMP8_train.pcap,,,warning,file:timestamp_reversal,negative timestamp deltas: 701,,
file,data/raw/WiFI_and_MQTT/attacks/pcap/train/TCP_IP-DDoS-ICMP8_train.pcap,,,warning,file:unsupported_present,unsupported packets: 3,,
file,data/raw/WiFI_and_MQTT/attacks/pcap/train/TCP_IP-DDoS-SYN1_train.pcap,,,warning,file:timestamp_duplicate,duplicate adjacent timestamps: 9735759,,
file,data/raw/WiFI_and_MQTT/attacks/pcap/train/TCP_IP-DDoS-SYN1_train.pcap,,,warning,file:timestamp_reversal,negative timestamp deltas: 27072,,
file,data/raw/WiFI_and_MQTT/attacks/pcap/train/TCP_IP-DDoS-SYN1_train.pcap,,,warning,file:unsupported_present,unsupported packets: 4,,
file,data/raw/WiFI_and_MQTT/attacks/pcap/train/TCP_IP-DDoS-SYN2_train.pcap,,,warning,file:timestamp_duplicate,duplicate adjacent timestamps: 10526934,,
file,data/raw/WiFI_and_MQTT/attacks/pcap/train/TCP_IP-DDoS-SYN2_train.pcap,,,warning,file:timestamp_reversal,negative timestamp deltas: 30460,,
file,data/raw/WiFI_and_MQTT/attacks/pcap/train/TCP_IP-DDoS-SYN2_train.pcap,,,warning,file:unsupported_present,unsupported packets: 1,,
file,data/raw/WiFI_and_MQTT/attacks/pcap/train/TCP_IP-DDoS-SYN3_train.pcap,,,warning,file:timestamp_duplicate,duplicate adjacent timestamps: 12520013,,
file,data/raw/WiFI_and_MQTT/attacks/pcap/train/TCP_IP-DDoS-SYN3_train.pcap,,,warning,file:timestamp_reversal,negative timestamp deltas: 21919,,
file,data/raw/WiFI_and_MQTT/attacks/pcap/train/TCP_IP-DDoS-SYN3_train.pcap,,,warning,file:unsupported_present,unsupported packets: 3,,
file,data/raw/WiFI_and_MQTT/attacks/pcap/train/TCP_IP-DDoS-SYN4_train.pcap,,,warning,file:timestamp_duplicate,duplicate adjacent timestamps: 8388656,,
file,data/raw/WiFI_and_MQTT/attacks/pcap/train/TCP_IP-DDoS-SYN4_train.pcap,,,warning,file:timestamp_reversal,negative timestamp deltas: 23237,,
file,data/raw/WiFI_and_MQTT/attacks/pcap/train/TCP_IP-DDoS-SYN4_train.pcap,,,warning,file:unsupported_present,unsupported packets: 4,,
file,data/raw/WiFI_and_MQTT/attacks/pcap/train/TCP_IP-DDoS-TCP1_train.pcap,,,warning,file:timestamp_duplicate,duplicate adjacent timestamps: 9861088,,
file,data/raw/WiFI_and_MQTT/attacks/pcap/train/TCP_IP-DDoS-TCP1_train.pcap,,,warning,file:timestamp_reversal,negative timestamp deltas: 30660,,
file,data/raw/WiFI_and_MQTT/attacks/pcap/train/TCP_IP-DDoS-TCP1_train.pcap,,,warning,file:unsupported_present,unsupported packets: 1,,
file,data/raw/WiFI_and_MQTT/attacks/pcap/train/TCP_IP-DDoS-TCP2_train.pcap,,,warning,file:timestamp_duplicate,duplicate adjacent timestamps: 8928346,,
file,data/raw/WiFI_and_MQTT/attacks/pcap/train/TCP_IP-DDoS-TCP2_train.pcap,,,warning,file:timestamp_reversal,negative timestamp deltas: 25911,,
file,data/raw/WiFI_and_MQTT/attacks/pcap/train/TCP_IP-DDoS-TCP2_train.pcap,,,warning,file:unsupported_present,unsupported packets: 7,,
file,data/raw/WiFI_and_MQTT/attacks/pcap/train/TCP_IP-DDoS-TCP3_train.pcap,,,warning,file:timestamp_duplicate,duplicate adjacent timestamps: 10090594,,
file,data/raw/WiFI_and_MQTT/attacks/pcap/train/TCP_IP-DDoS-TCP3_train.pcap,,,warning,file:timestamp_reversal,negative timestamp deltas: 23846,,
file,data/raw/WiFI_and_MQTT/attacks/pcap/train/TCP_IP-DDoS-TCP4_train.pcap,,,warning,file:timestamp_duplicate,duplicate adjacent timestamps: 9038078,,
file,data/raw/WiFI_and_MQTT/attacks/pcap/train/TCP_IP-DDoS-TCP4_train.pcap,,,warning,file:timestamp_reversal,negative timestamp deltas: 23509,,
file,data/raw/WiFI_and_MQTT/attacks/pcap/train/TCP_IP-DDoS-TCP4_train.pcap,,,warning,file:unsupported_present,unsupported packets: 1,,
file,data/raw/WiFI_and_MQTT/attacks/pcap/train/TCP_IP-DDoS-UDP1_train.pcap,,,warning,file:timestamp_duplicate,duplicate adjacent timestamps: 10802829,,
file,data/raw/WiFI_and_MQTT/attacks/pcap/train/TCP_IP-DDoS-UDP1_train.pcap,,,warning,file:timestamp_reversal,negative timestamp deltas: 5258,,
file,data/raw/WiFI_and_MQTT/attacks/pcap/train/TCP_IP-DDoS-UDP2_train.pcap,,,warning,file:timestamp_duplicate,duplicate adjacent timestamps: 10843621,,
file,data/raw/WiFI_and_MQTT/attacks/pcap/train/TCP_IP-DDoS-UDP2_train.pcap,,,warning,file:timestamp_reversal,negative timestamp deltas: 5693,,
file,data/raw/WiFI_and_MQTT/attacks/pcap/train/TCP_IP-DDoS-UDP2_train.pcap,,,warning,file:unsupported_present,unsupported packets: 4,,
file,data/raw/WiFI_and_MQTT/attacks/pcap/train/TCP_IP-DDoS-UDP3_train.pcap,,,warning,file:timestamp_duplicate,duplicate adjacent timestamps: 11215663,,
file,data/raw/WiFI_and_MQTT/attacks/pcap/train/TCP_IP-DDoS-UDP3_train.pcap,,,warning,file:timestamp_reversal,negative timestamp deltas: 2669,,
file,data/raw/WiFI_and_MQTT/attacks/pcap/train/TCP_IP-DDoS-UDP4_train.pcap,,,warning,file:timestamp_duplicate,duplicate adjacent timestamps: 10568550,,
file,data/raw/WiFI_and_MQTT/attacks/pcap/train/TCP_IP-DDoS-UDP4_train.pcap,,,warning,file:timestamp_reversal,negative timestamp deltas: 4878,,
file,data/raw/WiFI_and_MQTT/attacks/pcap/train/TCP_IP-DDoS-UDP4_train.pcap,,,warning,file:unsupported_present,unsupported packets: 3,,
file,data/raw/WiFI_and_MQTT/attacks/pcap/train/TCP_IP-DDoS-UDP5_train.pcap,,,warning,file:timestamp_duplicate,duplicate adjacent timestamps: 10586342,,
file,data/raw/WiFI_and_MQTT/attacks/pcap/train/TCP_IP-DDoS-UDP5_train.pcap,,,warning,file:timestamp_reversal,negative timestamp deltas: 7930,,
file,data/raw/WiFI_and_MQTT/attacks/pcap/train/TCP_IP-DDoS-UDP5_train.pcap,,,warning,file:unsupported_present,unsupported packets: 2,,
file,data/raw/WiFI_and_MQTT/attacks/pcap/train/TCP_IP-DDoS-UDP6_train.pcap,,,warning,file:timestamp_duplicate,duplicate adjacent timestamps: 10812359,,
file,data/raw/WiFI_and_MQTT/attacks/pcap/train/TCP_IP-DDoS-UDP6_train.pcap,,,warning,file:timestamp_reversal,negative timestamp deltas: 6057,,
file,data/raw/WiFI_and_MQTT/attacks/pcap/train/TCP_IP-DDoS-UDP6_train.pcap,,,warning,file:unsupported_present,unsupported packets: 3,,
file,data/raw/WiFI_and_MQTT/attacks/pcap/train/TCP_IP-DDoS-UDP7_train.pcap,,,warning,file:timestamp_duplicate,duplicate adjacent timestamps: 10368786,,
file,data/raw/WiFI_and_MQTT/attacks/pcap/train/TCP_IP-DDoS-UDP7_train.pcap,,,warning,file:timestamp_reversal,negative timestamp deltas: 4670,,
file,data/raw/WiFI_and_MQTT/attacks/pcap/train/TCP_IP-DDoS-UDP7_train.pcap,,,warning,file:unsupported_present,unsupported packets: 4,,
file,data/raw/WiFI_and_MQTT/attacks/pcap/train/TCP_IP-DDoS-UDP8_train.pcap,,,warning,file:timestamp_duplicate,duplicate adjacent timestamps: 10912679,,
file,data/raw/WiFI_and_MQTT/attacks/pcap/train/TCP_IP-DDoS-UDP8_train.pcap,,,warning,file:timestamp_reversal,negative timestamp deltas: 4045,,
file,data/raw/WiFI_and_MQTT/attacks/pcap/train/TCP_IP-DDoS-UDP8_train.pcap,,,warning,file:unsupported_present,unsupported packets: 1,,
file,data/raw/WiFI_and_MQTT/attacks/pcap/train/TCP_IP-DoS-ICMP1_train.pcap,,,warning,file:timestamp_duplicate,duplicate adjacent timestamps: 5425293,,
file,data/raw/WiFI_and_MQTT/attacks/pcap/train/TCP_IP-DoS-ICMP1_train.pcap,,,warning,file:timestamp_reversal,negative timestamp deltas: 704,,
file,data/raw/WiFI_and_MQTT/attacks/pcap/train/TCP_IP-DoS-ICMP1_train.pcap,,,warning,file:unsupported_present,unsupported packets: 3,,
file,data/raw/WiFI_and_MQTT/attacks/pcap/train/TCP_IP-DoS-ICMP2_train.pcap,,,warning,file:timestamp_duplicate,duplicate adjacent timestamps: 4845726,,
file,data/raw/WiFI_and_MQTT/attacks/pcap/train/TCP_IP-DoS-ICMP2_train.pcap,,,warning,file:timestamp_reversal,negative timestamp deltas: 232,,
file,data/raw/WiFI_and_MQTT/attacks/pcap/train/TCP_IP-DoS-ICMP2_train.pcap,,,warning,file:unsupported_present,unsupported packets: 8,,
file,data/raw/WiFI_and_MQTT/attacks/pcap/train/TCP_IP-DoS-ICMP3_train.pcap,,,warning,file:timestamp_duplicate,duplicate adjacent timestamps: 5411566,,
file,data/raw/WiFI_and_MQTT/attacks/pcap/train/TCP_IP-DoS-ICMP3_train.pcap,,,warning,file:timestamp_reversal,negative timestamp deltas: 32,,
file,data/raw/WiFI_and_MQTT/attacks/pcap/train/TCP_IP-DoS-ICMP3_train.pcap,,,warning,file:unsupported_present,unsupported packets: 2,,
file,data/raw/WiFI_and_MQTT/attacks/pcap/train/TCP_IP-DoS-ICMP4_train.pcap,,,warning,file:timestamp_duplicate,duplicate adjacent timestamps: 4550530,,
file,data/raw/WiFI_and_MQTT/attacks/pcap/train/TCP_IP-DoS-ICMP4_train.pcap,,,warning,file:timestamp_reversal,negative timestamp deltas: 285,,
file,data/raw/WiFI_and_MQTT/attacks/pcap/train/TCP_IP-DoS-ICMP4_train.pcap,,,warning,file:unsupported_present,unsupported packets: 3,,
file,data/raw/WiFI_and_MQTT/attacks/pcap/train/TCP_IP-DoS-SYN1_train.pcap,,,warning,file:timestamp_duplicate,duplicate adjacent timestamps: 5288448,,
file,data/raw/WiFI_and_MQTT/attacks/pcap/train/TCP_IP-DoS-SYN1_train.pcap,,,warning,file:timestamp_reversal,negative timestamp deltas: 45205,,
file,data/raw/WiFI_and_MQTT/attacks/pcap/train/TCP_IP-DoS-SYN2_train.pcap,,,warning,file:timestamp_duplicate,duplicate adjacent timestamps: 3196730,,
file,data/raw/WiFI_and_MQTT/attacks/pcap/train/TCP_IP-DoS-SYN2_train.pcap,,,warning,file:timestamp_reversal,negative timestamp deltas: 21529,,
file,data/raw/WiFI_and_MQTT/attacks/pcap/train/TCP_IP-DoS-SYN2_train.pcap,,,warning,file:unsupported_present,unsupported packets: 2,,
file,data/raw/WiFI_and_MQTT/attacks/pcap/train/TCP_IP-DoS-SYN3_train.pcap,,,warning,file:timestamp_duplicate,duplicate adjacent timestamps: 3797377,,
file,data/raw/WiFI_and_MQTT/attacks/pcap/train/TCP_IP-DoS-SYN3_train.pcap,,,warning,file:timestamp_reversal,negative timestamp deltas: 41544,,
file,data/raw/WiFI_and_MQTT/attacks/pcap/train/TCP_IP-DoS-SYN3_train.pcap,,,warning,file:unsupported_present,unsupported packets: 4,,
file,data/raw/WiFI_and_MQTT/attacks/pcap/train/TCP_IP-DoS-SYN4_train.pcap,,,warning,file:timestamp_duplicate,duplicate adjacent timestamps: 2863203,,
file,data/raw/WiFI_and_MQTT/attacks/pcap/train/TCP_IP-DoS-SYN4_train.pcap,,,warning,file:timestamp_reversal,negative timestamp deltas: 20614,,
file,data/raw/WiFI_and_MQTT/attacks/pcap/train/TCP_IP-DoS-SYN4_train.pcap,,,warning,file:unsupported_present,unsupported packets: 3,,
file,data/raw/WiFI_and_MQTT/attacks/pcap/train/TCP_IP-DoS-TCP1_train.pcap,,,warning,file:timestamp_duplicate,duplicate adjacent timestamps: 2564701,,
file,data/raw/WiFI_and_MQTT/attacks/pcap/train/TCP_IP-DoS-TCP1_train.pcap,,,warning,file:timestamp_reversal,negative timestamp deltas: 16515,,
file,data/raw/WiFI_and_MQTT/attacks/pcap/train/TCP_IP-DoS-TCP1_train.pcap,,,warning,file:unsupported_present,unsupported packets: 1,,
file,data/raw/WiFI_and_MQTT/attacks/pcap/train/TCP_IP-DoS-TCP2_train.pcap,,,warning,file:timestamp_duplicate,duplicate adjacent timestamps: 3664229,,
file,data/raw/WiFI_and_MQTT/attacks/pcap/train/TCP_IP-DoS-TCP2_train.pcap,,,warning,file:timestamp_reversal,negative timestamp deltas: 16888,,
file,data/raw/WiFI_and_MQTT/attacks/pcap/train/TCP_IP-DoS-TCP2_train.pcap,,,warning,file:unsupported_present,unsupported packets: 4,,
file,data/raw/WiFI_and_MQTT/attacks/pcap/train/TCP_IP-DoS-TCP3_train.pcap,,,warning,file:timestamp_duplicate,duplicate adjacent timestamps: 2068082,,
file,data/raw/WiFI_and_MQTT/attacks/pcap/train/TCP_IP-DoS-TCP3_train.pcap,,,warning,file:timestamp_reversal,negative timestamp deltas: 19363,,
file,data/raw/WiFI_and_MQTT/attacks/pcap/train/TCP_IP-DoS-TCP3_train.pcap,,,warning,file:unsupported_present,unsupported packets: 3,,
file,data/raw/WiFI_and_MQTT/attacks/pcap/train/TCP_IP-DoS-TCP4_train.pcap,,,warning,file:timestamp_duplicate,duplicate adjacent timestamps: 3257820,,
file,data/raw/WiFI_and_MQTT/attacks/pcap/train/TCP_IP-DoS-TCP4_train.pcap,,,warning,file:timestamp_reversal,negative timestamp deltas: 12260,,
file,data/raw/WiFI_and_MQTT/attacks/pcap/train/TCP_IP-DoS-TCP4_train.pcap,,,warning,file:unsupported_present,unsupported packets: 3,,
file,data/raw/WiFI_and_MQTT/attacks/pcap/train/TCP_IP-DoS-UDP1_train.pcap,,,warning,file:timestamp_duplicate,duplicate adjacent timestamps: 6269909,,
file,data/raw/WiFI_and_MQTT/attacks/pcap/train/TCP_IP-DoS-UDP1_train.pcap,,,warning,file:timestamp_reversal,negative timestamp deltas: 66,,
file,data/raw/WiFI_and_MQTT/attacks/pcap/train/TCP_IP-DoS-UDP1_train.pcap,,,warning,file:unsupported_present,unsupported packets: 3,,
file,data/raw/WiFI_and_MQTT/attacks/pcap/train/TCP_IP-DoS-UDP2_train.pcap,,,warning,file:timestamp_duplicate,duplicate adjacent timestamps: 6845979,,
file,data/raw/WiFI_and_MQTT/attacks/pcap/train/TCP_IP-DoS-UDP2_train.pcap,,,warning,file:timestamp_reversal,negative timestamp deltas: 24,,
file,data/raw/WiFI_and_MQTT/attacks/pcap/train/TCP_IP-DoS-UDP2_train.pcap,,,warning,file:unsupported_present,unsupported packets: 5,,
file,data/raw/WiFI_and_MQTT/attacks/pcap/train/TCP_IP-DoS-UDP3_train.pcap,,,warning,file:timestamp_duplicate,duplicate adjacent timestamps: 7500209,,
file,data/raw/WiFI_and_MQTT/attacks/pcap/train/TCP_IP-DoS-UDP3_train.pcap,,,warning,file:timestamp_reversal,negative timestamp deltas: 24,,
file,data/raw/WiFI_and_MQTT/attacks/pcap/train/TCP_IP-DoS-UDP3_train.pcap,,,warning,file:unsupported_present,unsupported packets: 1,,
file,data/raw/WiFI_and_MQTT/attacks/pcap/train/TCP_IP-DoS-UDP4_train.pcap,,,warning,file:timestamp_duplicate,duplicate adjacent timestamps: 6230927,,
file,data/raw/WiFI_and_MQTT/attacks/pcap/train/TCP_IP-DoS-UDP4_train.pcap,,,warning,file:timestamp_reversal,negative timestamp deltas: 104,,
file,data/raw/WiFI_and_MQTT/attacks/pcap/train/TCP_IP-DoS-UDP4_train.pcap,,,warning,file:unsupported_present,unsupported packets: 6,,
file,data/raw/WiFI_and_MQTT/profiling/PCAP/Active/Active.pcap,,,warning,file:timestamp_duplicate,duplicate adjacent timestamps: 89566,,
file,data/raw/WiFI_and_MQTT/profiling/PCAP/Active/Active.pcap,,,warning,file:timestamp_reversal,negative timestamp deltas: 1,,
file,data/raw/WiFI_and_MQTT/profiling/PCAP/Active/Active.pcap,,,warning,file:unsupported_present,unsupported packets: 171,,
file,data/raw/WiFI_and_MQTT/profiling/PCAP/Broker/ActiveBroker.pcap,,,warning,file:timestamp_duplicate,duplicate adjacent timestamps: 673645,,
file,data/raw/WiFI_and_MQTT/profiling/PCAP/Broker/ActiveBroker.pcap,,,warning,file:timestamp_reversal,negative timestamp deltas: 401,,
file,data/raw/WiFI_and_MQTT/profiling/PCAP/Broker/ActiveBroker.pcap,,,warning,file:unsupported_present,unsupported packets: 109,,
file,data/raw/WiFI_and_MQTT/profiling/PCAP/Idle/Idle.pcap,,,warning,file:timestamp_duplicate,duplicate adjacent timestamps: 20322,,
file,data/raw/WiFI_and_MQTT/profiling/PCAP/Idle/Idle.pcap,,,warning,file:timestamp_reversal,negative timestamp deltas: 1,,
file,data/raw/WiFI_and_MQTT/profiling/PCAP/Idle/Idle.pcap,,,warning,file:unsupported_present,unsupported packets: 198,,
file,data/raw/WiFI_and_MQTT/profiling/PCAP/Interactions/Blink_Camera/Blink_Camera_LAN_MIC.pcap,,,warning,file:timestamp_duplicate,duplicate adjacent timestamps: 1186,,
file,data/raw/WiFI_and_MQTT/profiling/PCAP/Interactions/Blink_Camera/Blink_Camera_LAN_WATCH.pcap,,,warning,file:timestamp_duplicate,duplicate adjacent timestamps: 1331,,
file,data/raw/WiFI_and_MQTT/profiling/PCAP/Interactions/Blink_Camera/Blink_Camera_WAN_MIC.pcap,,,warning,file:timestamp_duplicate,duplicate adjacent timestamps: 1714,,
file,data/raw/WiFI_and_MQTT/profiling/PCAP/Interactions/Blink_Camera/Blink_Camera_WAN_WATCH.pcap,,,warning,file:timestamp_duplicate,duplicate adjacent timestamps: 1810,,
file,data/raw/WiFI_and_MQTT/profiling/PCAP/Interactions/Ecobee_Camera/Ecobee_Camera_LAN_MIC.pcap,,,warning,file:timestamp_duplicate,duplicate adjacent timestamps: 997,,
file,data/raw/WiFI_and_MQTT/profiling/PCAP/Interactions/Ecobee_Camera/Ecobee_Camera_LAN_WATCH.pcap,,,warning,file:timestamp_duplicate,duplicate adjacent timestamps: 638,,
file,data/raw/WiFI_and_MQTT/profiling/PCAP/Interactions/Ecobee_Camera/Ecobee_Camera_WAN_MIC.pcap,,,warning,file:timestamp_duplicate,duplicate adjacent timestamps: 1773,,
file,data/raw/WiFI_and_MQTT/profiling/PCAP/Interactions/Ecobee_Camera/Ecobee_Camera_WAN_WATCH.pcap,,,warning,file:timestamp_duplicate,duplicate adjacent timestamps: 1781,,
file,data/raw/WiFI_and_MQTT/profiling/PCAP/Interactions/M1T_Camera/M1T_Camera_LAN_MIC.pcap,,,warning,file:timestamp_duplicate,duplicate adjacent timestamps: 318,,
file,data/raw/WiFI_and_MQTT/profiling/PCAP/Interactions/M1T_Camera/M1T_Camera_LAN_PRECORDING.pcap,,,warning,file:timestamp_duplicate,duplicate adjacent timestamps: 12,,
file,data/raw/WiFI_and_MQTT/profiling/PCAP/Interactions/M1T_Camera/M1T_Camera_LAN_WATCH.pcap,,,warning,file:timestamp_duplicate,duplicate adjacent timestamps: 330,,
file,data/raw/WiFI_and_MQTT/profiling/PCAP/Interactions/M1T_Camera/M1T_Camera_WAN_MIC.pcap,,,warning,file:timestamp_duplicate,duplicate adjacent timestamps: 981,,
file,data/raw/WiFI_and_MQTT/profiling/PCAP/Interactions/M1T_Camera/M1T_Camera_WAN_PHOTO.pcap,,,warning,file:timestamp_duplicate,duplicate adjacent timestamps: 518,,
file,data/raw/WiFI_and_MQTT/profiling/PCAP/Interactions/M1T_Camera/M1T_Camera_WAN_RECORDING.pcap,,,warning,file:timestamp_duplicate,duplicate adjacent timestamps: 2933,,
file,data/raw/WiFI_and_MQTT/profiling/PCAP/Interactions/M1T_Camera/M1T_Camera_WAN_WATCH.pcap,,,warning,file:timestamp_duplicate,duplicate adjacent timestamps: 621,,
file,data/raw/WiFI_and_MQTT/profiling/PCAP/Interactions/Multifunctional_Pager/Multifunctional_Pager_LAN_APP.pcap,,,warning,file:timestamp_duplicate,duplicate adjacent timestamps: 5,,
file,data/raw/WiFI_and_MQTT/profiling/PCAP/Interactions/Multifunctional_Pager/Multifunctional_Pager_LAN_PHYSICAL.pcap,,,warning,file:timestamp_duplicate,duplicate adjacent timestamps: 1,,
file,data/raw/WiFI_and_MQTT/profiling/PCAP/Interactions/Multifunctional_Pager/Multifunctional_Pager_WAN_APP.pcap,,,warning,file:timestamp_duplicate,duplicate adjacent timestamps: 2,,
file,data/raw/WiFI_and_MQTT/profiling/PCAP/Interactions/Multifunctional_Pager/Multifunctional_Pager_WAN_PHYSICAL.pcap,,,warning,file:timestamp_duplicate,duplicate adjacent timestamps: 2,,
file,data/raw/WiFI_and_MQTT/profiling/PCAP/Interactions/Owltron_Camera/Owltron_Camera_LAN_MIC.pcap,,,warning,file:timestamp_duplicate,duplicate adjacent timestamps: 1485,,
file,data/raw/WiFI_and_MQTT/profiling/PCAP/Interactions/Owltron_Camera/Owltron_Camera_LAN_PHOTO.pcap,,,warning,file:timestamp_duplicate,duplicate adjacent timestamps: 397,,
file,data/raw/WiFI_and_MQTT/profiling/PCAP/Interactions/Owltron_Camera/Owltron_Camera_LAN_RECORDING.pcap,,,warning,file:timestamp_duplicate,duplicate adjacent timestamps: 1244,,
file,data/raw/WiFI_and_MQTT/profiling/PCAP/Interactions/Owltron_Camera/Owltron_Camera_LAN_WATCH.pcap,,,warning,file:timestamp_duplicate,duplicate adjacent timestamps: 1020,,
file,data/raw/WiFI_and_MQTT/profiling/PCAP/Interactions/Owltron_Camera/Owltron_Camera_WAN_MIC.pcap,,,warning,file:timestamp_duplicate,duplicate adjacent timestamps: 1895,,
file,data/raw/WiFI_and_MQTT/profiling/PCAP/Interactions/Owltron_Camera/Owltron_Camera_WAN_PHOTO.pcap,,,warning,file:timestamp_duplicate,duplicate adjacent timestamps: 253,,
file,data/raw/WiFI_and_MQTT/profiling/PCAP/Interactions/Owltron_Camera/Owltron_Camera_WAN_RECORDING.pcap,,,warning,file:timestamp_duplicate,duplicate adjacent timestamps: 1741,,
file,data/raw/WiFI_and_MQTT/profiling/PCAP/Interactions/Owltron_Camera/Owltron_Camera_WAN_WATCH.pcap,,,warning,file:timestamp_duplicate,duplicate adjacent timestamps: 1556,,
file,data/raw/WiFI_and_MQTT/profiling/PCAP/Interactions/SenseU/SenseU_WAN_EMERGENCY.pcap,,,warning,file:timestamp_duplicate,duplicate adjacent timestamps: 2,,
file,data/raw/WiFI_and_MQTT/profiling/PCAP/Interactions/Singcall/Singcall_LAN_PHYSICAL.pcap,,,warning,file:timestamp_duplicate,duplicate adjacent timestamps: 24,,
file,data/raw/WiFI_and_MQTT/profiling/PCAP/Interactions/Singcall/Singcall_WAN_PHYSICAL.pcap,,,warning,file:timestamp_duplicate,duplicate adjacent timestamps: 23,,
file,data/raw/WiFI_and_MQTT/profiling/PCAP/Power/Blink_Mini_Camera_Power.pcap,,,warning,file:timestamp_duplicate,duplicate adjacent timestamps: 91,,
file,data/raw/WiFI_and_MQTT/profiling/PCAP/Power/Ecobee_Camera_Power.pcap,,,warning,file:timestamp_duplicate,duplicate adjacent timestamps: 987,,
file,data/raw/WiFI_and_MQTT/profiling/PCAP/Power/M1T_Camera_Power.pcap,,,warning,file:timestamp_duplicate,duplicate adjacent timestamps: 30,,
file,data/raw/WiFI_and_MQTT/profiling/PCAP/Power/Multifunctional_Pager_Power.pcap,,,warning,file:timestamp_duplicate,duplicate adjacent timestamps: 35,,
file,data/raw/WiFI_and_MQTT/profiling/PCAP/Power/Owltron_Camera_Power.pcap,,,warning,file:timestamp_duplicate,duplicate adjacent timestamps: 76,,
file,data/raw/WiFI_and_MQTT/profiling/PCAP/Power/SenseUBaby_Power.pcap,,,warning,file:timestamp_duplicate,duplicate adjacent timestamps: 14,,
file,data/raw/WiFI_and_MQTT/profiling/PCAP/Power/Singcall_Power.pcap,,,warning,file:timestamp_duplicate,duplicate adjacent timestamps: 54,,
packet,data/raw/WiFI_and_MQTT/attacks/pcap/test/ARP_Spoofing_test.pcap,5799,1694027508.841968,warning,unsupported:lldp,unsupported ethertype: 0x88cc,unsupported,lldp
packet,data/raw/WiFI_and_MQTT/attacks/pcap/test/Benign_test.pcap,34325,1694694370.513032,warning,unsupported:lldp,unsupported ethertype: 0x88cc,unsupported,lldp
packet,data/raw/WiFI_and_MQTT/attacks/pcap/test/Benign_test.pcap,34570,1694694385.115921,warning,unsupported:lldp,unsupported ethertype: 0x88cc,unsupported,lldp
packet,data/raw/WiFI_and_MQTT/attacks/pcap/test/Benign_test.pcap,42266,1694694749.172261,warning,unsupported:lldp,unsupported ethertype: 0x88cc,unsupported,lldp
packet,data/raw/WiFI_and_MQTT/attacks/pcap/test/Benign_test.pcap,43424,1694694802.440185,warning,unsupported:lldp,unsupported ethertype: 0x88cc,unsupported,lldp
packet,data/raw/WiFI_and_MQTT/attacks/pcap/test/Benign_test.pcap,54073,1694695315.343457,warning,unsupported:lldp,unsupported ethertype: 0x88cc,unsupported,lldp
packet,data/raw/WiFI_and_MQTT/attacks/pcap/test/MQTT-DDoS-Publish_Flood_test.pcap,111929,1693339564.981476,warning,unsupported:lldp,unsupported ethertype: 0x88cc,unsupported,lldp
packet,data/raw/WiFI_and_MQTT/attacks/pcap/test/MQTT-DoS-Connect_Flood_test.pcap,82246,1693247637.956445,warning,unsupported:lldp,unsupported ethertype: 0x88cc,unsupported,lldp
packet,data/raw/WiFI_and_MQTT/attacks/pcap/test/MQTT-DoS-Connect_Flood_test.pcap,155571,1693247691.687336,warning,unsupported:lldp,unsupported ethertype: 0x88cc,unsupported,lldp
packet,data/raw/WiFI_and_MQTT/attacks/pcap/test/MQTT-DoS-Publish_Flood_test.pcap,257952,1693330116.518531,warning,unsupported:lldp,unsupported ethertype: 0x88cc,unsupported,lldp
packet,data/raw/WiFI_and_MQTT/attacks/pcap/test/Recon-OS_Scan_test.pcap,7629,1694104475.18866,warning,unsupported:lldp,unsupported ethertype: 0x88cc,unsupported,lldp
packet,data/raw/WiFI_and_MQTT/attacks/pcap/test/Recon-VulScan_test.pcap,2290,1694532884.649651,warning,unsupported:lldp,unsupported ethertype: 0x88cc,unsupported,lldp
packet,data/raw/WiFI_and_MQTT/attacks/pcap/test/TCP_IP-DDoS-ICMP1_test.pcap,14971818,1694019949.845847,warning,unsupported:lldp,unsupported ethertype: 0x88cc,unsupported,lldp
packet,data/raw/WiFI_and_MQTT/attacks/pcap/test/TCP_IP-DDoS-ICMP2_test.pcap,1461694,1693943415.089577,warning,unsupported:lldp,unsupported ethertype: 0x88cc,unsupported,lldp
packet,data/raw/WiFI_and_MQTT/attacks/pcap/test/TCP_IP-DDoS-ICMP2_test.pcap,2071270,1693943429.816361,warning,unsupported:lldp,unsupported ethertype: 0x88cc,unsupported,lldp
packet,data/raw/WiFI_and_MQTT/attacks/pcap/test/TCP_IP-DDoS-ICMP2_test.pcap,2495451,1693943440.66916,warning,unsupported:lldp,unsupported ethertype: 0x88cc,unsupported,lldp
packet,data/raw/WiFI_and_MQTT/attacks/pcap/test/TCP_IP-DDoS-SYN_test.pcap,6224535,1693928731.326889,warning,unsupported:lldp,unsupported ethertype: 0x88cc,unsupported,lldp
packet,data/raw/WiFI_and_MQTT/attacks/pcap/test/TCP_IP-DDoS-SYN_test.pcap,10996465,1693929242.051207,warning,unsupported:lldp,unsupported ethertype: 0x88cc,unsupported,lldp
packet,data/raw/WiFI_and_MQTT/attacks/pcap/test/TCP_IP-DDoS-SYN_test.pcap,10997005,1693929257.100303,warning,unsupported:lldp,unsupported ethertype: 0x88cc,unsupported,lldp
packet,data/raw/WiFI_and_MQTT/attacks/pcap/test/TCP_IP-DDoS-SYN_test.pcap,11002275,1693929267.968418,warning,unsupported:lldp,unsupported ethertype: 0x88cc,unsupported,lldp
packet,data/raw/WiFI_and_MQTT/attacks/pcap/test/TCP_IP-DDoS-SYN_test.pcap,17221949,1693930186.897419,warning,unsupported:lldp,unsupported ethertype: 0x88cc,unsupported,lldp
packet,data/raw/WiFI_and_MQTT/attacks/pcap/test/TCP_IP-DDoS-TCP_test.pcap,2739054,1693922628.112262,warning,unsupported:lldp,unsupported ethertype: 0x88cc,unsupported,lldp
packet,data/raw/WiFI_and_MQTT/attacks/pcap/test/TCP_IP-DDoS-TCP_test.pcap,3536734,1693922643.174994,warning,unsupported:lldp,unsupported ethertype: 0x88cc,unsupported,lldp
packet,data/raw/WiFI_and_MQTT/attacks/pcap/test/TCP_IP-DDoS-TCP_test.pcap,4087186,1693922654.018421,warning,unsupported:lldp,unsupported ethertype: 0x88cc,unsupported,lldp
packet,data/raw/WiFI_and_MQTT/attacks/pcap/test/TCP_IP-DDoS-TCP_test.pcap,15605751,1693923062.199949,warning,unsupported:lldp,unsupported ethertype: 0x88cc,unsupported,lldp
packet,data/raw/WiFI_and_MQTT/attacks/pcap/test/TCP_IP-DDoS-TCP_test.pcap,18252072,1693923572.962736,warning,unsupported:lldp,unsupported ethertype: 0x88cc,unsupported,lldp
packet,data/raw/WiFI_and_MQTT/attacks/pcap/test/TCP_IP-DDoS-UDP1_test.pcap,13093188,1693937745.835093,warning,unsupported:lldp,unsupported ethertype: 0x88cc,unsupported,lldp
packet,data/raw/WiFI_and_MQTT/attacks/pcap/test/TCP_IP-DDoS-UDP1_test.pcap,13741382,1693937760.734577,warning,unsupported:lldp,unsupported ethertype: 0x88cc,unsupported,lldp
packet,data/raw/WiFI_and_MQTT/attacks/pcap/test/TCP_IP-DDoS-UDP1_test.pcap,14411707,1693937771.597876,warning,unsupported:lldp,unsupported ethertype: 0x88cc,unsupported,lldp
packet,data/raw/WiFI_and_MQTT/attacks/pcap/test/TCP_IP-DDoS-UDP2_test.pcap,11047954,1693938179.841173,warning,unsupported:lldp,unsupported ethertype: 0x88cc,unsupported,lldp
packet,data/raw/WiFI_and_MQTT/attacks/pcap/test/TCP_IP-DoS-ICMP_test.pcap,221655,1693591031.287244,warning,unsupported:lldp,unsupported ethertype: 0x88cc,unsupported,lldp
packet,data/raw/WiFI_and_MQTT/attacks/pcap/test/TCP_IP-DoS-ICMP_test.pcap,9159578,1693592343.662558,warning,unsupported:lldp,unsupported ethertype: 0x88cc,unsupported,lldp
packet,data/raw/WiFI_and_MQTT/attacks/pcap/test/TCP_IP-DoS-ICMP_test.pcap,9160082,1693592360.661736,warning,unsupported:lldp,unsupported ethertype: 0x88cc,unsupported,lldp
packet,data/raw/WiFI_and_MQTT/attacks/pcap/test/TCP_IP-DoS-ICMP_test.pcap,9830790,1693593302.099621,warning,unsupported:lldp,unsupported ethertype: 0x88cc,unsupported,lldp
packet,data/raw/WiFI_and_MQTT/attacks/pcap/test/TCP_IP-DoS-ICMP_test.pcap,9830870,1693593305.520951,warning,unsupported:lldp,unsupported ethertype: 0x88cc,unsupported,lldp
packet,data/raw/WiFI_and_MQTT/attacks/pcap/test/TCP_IP-DoS-SYN_test.pcap,1139647,1693494748.596514,warning,unsupported:lldp,unsupported ethertype: 0x88cc,unsupported,lldp
packet,data/raw/WiFI_and_MQTT/attacks/pcap/test/TCP_IP-DoS-TCP_test.pcap,5052892,1693419877.72541,warning,unsupported:lldp,unsupported ethertype: 0x88cc,unsupported,lldp
packet,data/raw/WiFI_and_MQTT/attacks/pcap/test/TCP_IP-DoS-TCP_test.pcap,7169050,1693420012.89863,warning,unsupported:lldp,unsupported ethertype: 0x88cc,unsupported,lldp
packet,data/raw/WiFI_and_MQTT/attacks/pcap/test/TCP_IP-DoS-UDP_test.pcap,227041,1693577756.078079,warning,unsupported:lldp,unsupported ethertype: 0x88cc,unsupported,lldp
packet,data/raw/WiFI_and_MQTT/attacks/pcap/test/TCP_IP-DoS-UDP_test.pcap,9642789,1693583425.3315,warning,unsupported:lldp,unsupported ethertype: 0x88cc,unsupported,lldp
packet,data/raw/WiFI_and_MQTT/attacks/pcap/test/TCP_IP-DoS-UDP_test.pcap,10642433,1693583472.467516,warning,unsupported:lldp,unsupported ethertype: 0x88cc,unsupported,lldp
packet,data/raw/WiFI_and_MQTT/attacks/pcap/test/TCP_IP-DoS-UDP_test.pcap,12690180,1693583564.298644,warning,unsupported:lldp,unsupported ethertype: 0x88cc,unsupported,lldp
packet,data/raw/WiFI_and_MQTT/attacks/pcap/train/ARP_Spoofing_train.pcap,446,1694021289.729177,warning,unsupported:lldp,unsupported ethertype: 0x88cc,unsupported,lldp
packet,data/raw/WiFI_and_MQTT/attacks/pcap/train/ARP_Spoofing_train.pcap,2367,1694021327.21615,warning,unsupported:lldp,unsupported ethertype: 0x88cc,unsupported,lldp
packet,data/raw/WiFI_and_MQTT/attacks/pcap/train/ARP_Spoofing_train.pcap,58485,1694022784.457699,warning,unsupported:lldp,unsupported ethertype: 0x88cc,unsupported,lldp
packet,data/raw/WiFI_and_MQTT/attacks/pcap/train/ARP_Spoofing_train.pcap,72949,1694024086.864391,warning,unsupported:lldp,unsupported ethertype: 0x88cc,unsupported,lldp
packet,data/raw/WiFI_and_MQTT/attacks/pcap/train/ARP_Spoofing_train.pcap,80048,1694024124.266802,warning,unsupported:lldp,unsupported ethertype: 0x88cc,unsupported,lldp
packet,data/raw/WiFI_and_MQTT/attacks/pcap/train/Benign_train.pcap,4196,1694615003.298971,warning,unsupported:lldp,unsupported ethertype: 0x88cc,unsupported,lldp
packet,data/raw/WiFI_and_MQTT/attacks/pcap/train/Benign_train.pcap,4600,1694615015.451797,warning,unsupported:lldp,unsupported ethertype: 0x88cc,unsupported,lldp
packet,data/raw/WiFI_and_MQTT/attacks/pcap/train/Benign_train.pcap,5423,1694615031.175891,warning,unsupported:lldp,unsupported ethertype: 0x88cc,unsupported,lldp
packet,data/raw/WiFI_and_MQTT/attacks/pcap/train/Benign_train.pcap,16100,1694615434.261195,warning,unsupported:lldp,unsupported ethertype: 0x88cc,unsupported,lldp
packet,data/raw/WiFI_and_MQTT/attacks/pcap/train/Benign_train.pcap,45806,1694615948.135922,warning,unsupported:lldp,unsupported ethertype: 0x88cc,unsupported,lldp
packet,data/raw/WiFI_and_MQTT/attacks/pcap/train/MQTT-DDoS-Connect_Flood_train.pcap,5321527,1693340509.842351,warning,unsupported:lldp,unsupported ethertype: 0x88cc,unsupported,lldp
packet,data/raw/WiFI_and_MQTT/attacks/pcap/train/MQTT-DDoS-Publish_Flood_train.pcap,1282822,1693339288.573617,warning,unsupported:lldp,unsupported ethertype: 0x88cc,unsupported,lldp
packet,data/raw/WiFI_and_MQTT/attacks/pcap/train/MQTT-DDoS-Publish_Flood_train.pcap,1596426,1693339341.950855,warning,unsupported:lldp,unsupported ethertype: 0x88cc,unsupported,lldp
packet,data/raw/WiFI_and_MQTT/attacks/pcap/train/MQTT-DoS-Publish_Flood_train.pcap,2603296,1693329839.72746,warning,unsupported:lldp,unsupported ethertype: 0x88cc,unsupported,lldp
packet,data/raw/WiFI_and_MQTT/attacks/pcap/train/MQTT-DoS-Publish_Flood_train.pcap,3025348,1693329893.460645,warning,unsupported:lldp,unsupported ethertype: 0x88cc,unsupported,lldp
packet,data/raw/WiFI_and_MQTT/attacks/pcap/train/MQTT-Malformed_Data_train.pcap,28835,1693233741.233503,warning,unsupported:lldp,unsupported ethertype: 0x88cc,unsupported,lldp
packet,data/raw/WiFI_and_MQTT/attacks/pcap/train/Recon-OS_Scan_train.pcap,46923,1694104043.58676,warning,unsupported:lldp,unsupported ethertype: 0x88cc,unsupported,lldp
packet,data/raw/WiFI_and_MQTT/attacks/pcap/train/Recon-OS_Scan_train.pcap,68858,1694104109.796479,warning,unsupported:lldp,unsupported ethertype: 0x88cc,unsupported,lldp
packet,data/raw/WiFI_and_MQTT/attacks/pcap/train/Recon-OS_Scan_train.pcap,151008,1694104398.936776,warning,unsupported:lldp,unsupported ethertype: 0x88cc,unsupported,lldp
packet,data/raw/WiFI_and_MQTT/attacks/pcap/train/Recon-Ping_Sweep_train.pcap,56,1694105343.791649,warning,unsupported:lldp,unsupported ethertype: 0x88cc,unsupported,lldp
packet,data/raw/WiFI_and_MQTT/attacks/pcap/train/Recon-Ping_Sweep_train.pcap,6548,1694105420.043055,warning,unsupported:lldp,unsupported ethertype: 0x88cc,unsupported,lldp
packet,data/raw/WiFI_and_MQTT/attacks/pcap/train/Recon-Port_Scan_train.pcap,192670,1694102153.846,warning,unsupported:lldp,unsupported ethertype: 0x88cc,unsupported,lldp
packet,data/raw/WiFI_and_MQTT/attacks/pcap/train/Recon-Port_Scan_train.pcap,198622,1694102220.069815,warning,unsupported:lldp,unsupported ethertype: 0x88cc,unsupported,lldp
packet,data/raw/WiFI_and_MQTT/attacks/pcap/train/Recon-Port_Scan_train.pcap,475090,1694102509.245621,warning,unsupported:lldp,unsupported ethertype: 0x88cc,unsupported,lldp
packet,data/raw/WiFI_and_MQTT/attacks/pcap/train/Recon-Port_Scan_train.pcap,650838,1694102585.482186,warning,unsupported:lldp,unsupported ethertype: 0x88cc,unsupported,lldp
packet,data/raw/WiFI_and_MQTT/attacks/pcap/train/Recon-VulScan_train.pcap,716,1694532497.970445,warning,unsupported:lldp,unsupported ethertype: 0x88cc,unsupported,lldp
packet,data/raw/WiFI_and_MQTT/attacks/pcap/train/TCP_IP-DDoS-ICMP1_train.pcap,6054233,1693939124.720692,warning,unsupported:lldp,unsupported ethertype: 0x88cc,unsupported,lldp
packet,data/raw/WiFI_and_MQTT/attacks/pcap/train/TCP_IP-DDoS-ICMP1_train.pcap,11058071,1693939393.457002,warning,malformed:ethernet,ethernet unpack failed: invalid header length,malformed,ethernet
packet,data/raw/WiFI_and_MQTT/attacks/pcap/train/TCP_IP-DDoS-ICMP2_train.pcap,639328,1693939635.586261,warning,unsupported:lldp,unsupported ethertype: 0x88cc,unsupported,lldp
packet,data/raw/WiFI_and_MQTT/attacks/pcap/train/TCP_IP-DDoS-ICMP2_train.pcap,1255060,1693939650.437734,warning,unsupported:lldp,unsupported ethertype: 0x88cc,unsupported,lldp
packet,data/raw/WiFI_and_MQTT/attacks/pcap/train/TCP_IP-DDoS-ICMP2_train.pcap,1454168,1693939661.284814,warning,unsupported:lldp,unsupported ethertype: 0x88cc,unsupported,lldp
packet,data/raw/WiFI_and_MQTT/attacks/pcap/train/TCP_IP-DDoS-ICMP3_train.pcap,1686030,1693940069.572951,warning,unsupported:lldp,unsupported ethertype: 0x88cc,unsupported,lldp
packet,data/raw/WiFI_and_MQTT/attacks/pcap/train/TCP_IP-DDoS-ICMP4_train.pcap,5170204,1693940580.461157,warning,unsupported:lldp,unsupported ethertype: 0x88cc,unsupported,lldp
packet,data/raw/WiFI_and_MQTT/attacks/pcap/train/TCP_IP-DDoS-ICMP4_train.pcap,5817370,1693940595.279173,warning,unsupported:lldp,unsupported ethertype: 0x88cc,unsupported,lldp
packet,data/raw/WiFI_and_MQTT/attacks/pcap/train/TCP_IP-DDoS-ICMP4_train.pcap,6292883,1693940606.128785,warning,unsupported:lldp,unsupported ethertype: 0x88cc,unsupported,lldp
packet,data/raw/WiFI_and_MQTT/attacks/pcap/train/TCP_IP-DDoS-ICMP5_train.pcap,932382,1693941014.425131,warning,unsupported:lldp,unsupported ethertype: 0x88cc,unsupported,lldp
packet,data/raw/WiFI_and_MQTT/attacks/pcap/train/TCP_IP-DDoS-ICMP6_train.pcap,16764722,1693941959.277141,warning,unsupported:lldp,unsupported ethertype: 0x88cc,unsupported,lldp
packet,data/raw/WiFI_and_MQTT/attacks/pcap/train/TCP_IP-DDoS-ICMP7_train.pcap,6870751,1693942470.233277,warning,unsupported:lldp,unsupported ethertype: 0x88cc,unsupported,lldp
packet,data/raw/WiFI_and_MQTT/attacks/pcap/train/TCP_IP-DDoS-ICMP7_train.pcap,6872823,1693942484.974641,warning,unsupported:lldp,unsupported ethertype: 0x88cc,unsupported,lldp
packet,data/raw/WiFI_and_MQTT/attacks/pcap/train/TCP_IP-DDoS-ICMP7_train.pcap,7034961,1693942495.828076,warning,unsupported:lldp,unsupported ethertype: 0x88cc,unsupported,lldp
packet,data/raw/WiFI_and_MQTT/attacks/pcap/train/TCP_IP-DDoS-ICMP7_train.pcap,10937682,1693942904.129303,warning,unsupported:lldp,unsupported ethertype: 0x88cc,unsupported,lldp
packet,data/raw/WiFI_and_MQTT/attacks/pcap/train/TCP_IP-DDoS-ICMP8_train.pcap,8685340,1693938690.708544,warning,unsupported:lldp,unsupported ethertype: 0x88cc,unsupported,lldp
packet,data/raw/WiFI_and_MQTT/attacks/pcap/train/TCP_IP-DDoS-ICMP8_train.pcap,9077714,1693938705.584731,warning,unsupported:lldp,unsupported ethertype: 0x88cc,unsupported,lldp
packet,data/raw/WiFI_and_MQTT/attacks/pcap/train/TCP_IP-DDoS-ICMP8_train.pcap,9702040,1693938716.450205,warning,unsupported:lldp,unsupported ethertype: 0x88cc,unsupported,lldp
packet,data/raw/WiFI_and_MQTT/attacks/pcap/train/TCP_IP-DDoS-SYN1_train.pcap,164878,1693925896.741384,warning,unsupported:lldp,unsupported ethertype: 0x88cc,unsupported,lldp
packet,data/raw/WiFI_and_MQTT/attacks/pcap/train/TCP_IP-DDoS-SYN1_train.pcap,9621569,1693926407.526765,warning,unsupported:lldp,unsupported ethertype: 0x88cc,unsupported,lldp
packet,data/raw/WiFI_and_MQTT/attacks/pcap/train/TCP_IP-DDoS-SYN1_train.pcap,10364907,1693926422.564143,warning,unsupported:lldp,unsupported ethertype: 0x88cc,unsupported,lldp
packet,data/raw/WiFI_and_MQTT/attacks/pcap/train/TCP_IP-DDoS-SYN1_train.pcap,10905813,1693926433.431954,warning,unsupported:lldp,unsupported ethertype: 0x88cc,unsupported,lldp
packet,data/raw/WiFI_and_MQTT/attacks/pcap/train/TCP_IP-DDoS-SYN2_train.pcap,10375825,1693926841.598916,warning,unsupported:lldp,unsupported ethertype: 0x88cc,unsupported,lldp
packet,data/raw/WiFI_and_MQTT/attacks/pcap/train/TCP_IP-DDoS-SYN3_train.pcap,4322733,1693928297.214728,warning,unsupported:lldp,unsupported ethertype: 0x88cc,unsupported,lldp
packet,data/raw/WiFI_and_MQTT/attacks/pcap/train/TCP_IP-DDoS-SYN3_train.pcap,5196383,1693928312.25481,warning,unsupported:lldp,unsupported ethertype: 0x88cc,unsupported,lldp
packet,data/raw/WiFI_and_MQTT/attacks/pcap/train/TCP_IP-DDoS-SYN3_train.pcap,5718727,1693928323.113573,warning,unsupported:lldp,unsupported ethertype: 0x88cc,unsupported,lldp
packet,data/raw/WiFI_and_MQTT/attacks/pcap/train/TCP_IP-DDoS-SYN4_train.pcap,7238640,1693924951.90349,warning,unsupported:lldp,unsupported ethertype: 0x88cc,unsupported,lldp
packet,data/raw/WiFI_and_MQTT/attacks/pcap/train/TCP_IP-DDoS-SYN4_train.pcap,16814660,1693925462.678634,warning,unsupported:lldp,unsupported ethertype: 0x88cc,unsupported,lldp
packet,data/raw/WiFI_and_MQTT/attacks/pcap/train/TCP_IP-DDoS-SYN4_train.pcap,16817178,1693925477.71877,warning,unsupported:lldp,unsupported ethertype: 0x88cc,unsupported,lldp
packet,data/raw/WiFI_and_MQTT/attacks/pcap/train/TCP_IP-DDoS-SYN4_train.pcap,16818622,1693925488.586465,warning,unsupported:lldp,unsupported ethertype: 0x88cc,unsupported,lldp
packet,data/raw/WiFI_and_MQTT/attacks/pcap/train/TCP_IP-DDoS-TCP1_train.pcap,15019590,1693920227.645238,warning,unsupported:lldp,unsupported ethertype: 0x88cc,unsupported,lldp
packet,data/raw/WiFI_and_MQTT/attacks/pcap/train/TCP_IP-DDoS-TCP2_train.pcap,12240716,1693920738.333226,warning,unsupported:lldp,unsupported ethertype: 0x88cc,unsupported,lldp
packet,data/raw/WiFI_and_MQTT/attacks/pcap/train/TCP_IP-DDoS-TCP2_train.pcap,12567592,1693920753.465743,warning,unsupported:lldp,unsupported ethertype: 0x88cc,unsupported,lldp
packet,data/raw/WiFI_and_MQTT/attacks/pcap/train/TCP_IP-DDoS-TCP2_train.pcap,12907088,1693920764.32173,warning,unsupported:lldp,unsupported ethertype: 0x88cc,unsupported,lldp
packet,data/raw/WiFI_and_MQTT/attacks/pcap/train/TCP_IP-DDoS-TCP2_train.pcap,19433238,1693921172.486919,warning,unsupported:lldp,unsupported ethertype: 0x88cc,unsupported,lldp
packet,data/raw/WiFI_and_MQTT/attacks/pcap/train/TCP_IP-DDoS-TCP2_train.pcap,19676396,1693921683.18509,warning,unsupported:lldp,unsupported ethertype: 0x88cc,unsupported,lldp
packet,data/raw/WiFI_and_MQTT/attacks/pcap/train/TCP_IP-DDoS-TCP4_train.pcap,5654751,1693919282.797361,warning,unsupported:lldp,unsupported ethertype: 0x88cc,unsupported,lldp
packet,data/raw/WiFI_and_MQTT/attacks/pcap/train/TCP_IP-DDoS-UDP2_train.pcap,1129082,1693932076.605679,warning,unsupported:lldp,unsupported ethertype: 0x88cc,unsupported,lldp
packet,data/raw/WiFI_and_MQTT/attacks/pcap/train/TCP_IP-DDoS-UDP2_train.pcap,2010854,1693932091.635452,warning,unsupported:lldp,unsupported ethertype: 0x88cc,unsupported,lldp
packet,data/raw/WiFI_and_MQTT/attacks/pcap/train/TCP_IP-DDoS-UDP2_train.pcap,2733241,1693932102.498546,warning,unsupported:lldp,unsupported ethertype: 0x88cc,unsupported,lldp
packet,data/raw/WiFI_and_MQTT/attacks/pcap/train/TCP_IP-DDoS-UDP2_train.pcap,20203233,1693932510.734381,warning,unsupported:lldp,unsupported ethertype: 0x88cc,unsupported,lldp
packet,data/raw/WiFI_and_MQTT/attacks/pcap/train/TCP_IP-DDoS-UDP4_train.pcap,9664405,1693933021.457665,warning,unsupported:lldp,unsupported ethertype: 0x88cc,unsupported,lldp
packet,data/raw/WiFI_and_MQTT/attacks/pcap/train/TCP_IP-DDoS-UDP4_train.pcap,10556291,1693933036.479309,warning,unsupported:lldp,unsupported ethertype: 0x88cc,unsupported,lldp
packet,data/raw/WiFI_and_MQTT/attacks/pcap/train/TCP_IP-DDoS-UDP4_train.pcap,11205931,1693933047.351751,warning,unsupported:lldp,unsupported ethertype: 0x88cc,unsupported,lldp
packet,data/raw/WiFI_and_MQTT/attacks/pcap/train/TCP_IP-DDoS-UDP5_train.pcap,3210860,1693933455.586367,warning,unsupported:lldp,unsupported ethertype: 0x88cc,unsupported,lldp
packet,data/raw/WiFI_and_MQTT/attacks/pcap/train/TCP_IP-DDoS-UDP5_train.pcap,10916126,1693933966.292062,warning,unsupported:lldp,unsupported ethertype: 0x88cc,unsupported,lldp
packet,data/raw/WiFI_and_MQTT/attacks/pcap/train/TCP_IP-DDoS-UDP6_train.pcap,5513477,1693934911.140406,warning,unsupported:lldp,unsupported ethertype: 0x88cc,unsupported,lldp
packet,data/raw/WiFI_and_MQTT/attacks/pcap/train/TCP_IP-DDoS-UDP6_train.pcap,6324279,1693934926.200694,warning,unsupported:lldp,unsupported ethertype: 0x88cc,unsupported,lldp
packet,data/raw/WiFI_and_MQTT/attacks/pcap/train/TCP_IP-DDoS-UDP6_train.pcap,6946500,1693934937.030856,warning,unsupported:lldp,unsupported ethertype: 0x88cc,unsupported,lldp
packet,data/raw/WiFI_and_MQTT/attacks/pcap/train/TCP_IP-DDoS-UDP7_train.pcap,7152672,1693935856.071539,warning,unsupported:lldp,unsupported ethertype: 0x88cc,unsupported,lldp
packet,data/raw/WiFI_and_MQTT/attacks/pcap/train/TCP_IP-DDoS-UDP7_train.pcap,7153294,1693935871.015701,warning,unsupported:lldp,unsupported ethertype: 0x88cc,unsupported,lldp
packet,data/raw/WiFI_and_MQTT/attacks/pcap/train/TCP_IP-DDoS-UDP7_train.pcap,7154438,1693935881.909694,warning,unsupported:lldp,unsupported ethertype: 0x88cc,unsupported,lldp
packet,data/raw/WiFI_and_MQTT/attacks/pcap/train/TCP_IP-DDoS-UDP7_train.pcap,11917293,1693936290.144856,warning,unsupported:lldp,unsupported ethertype: 0x88cc,unsupported,lldp
packet,data/raw/WiFI_and_MQTT/attacks/pcap/train/TCP_IP-DDoS-UDP8_train.pcap,12940887,1693937234.997018,warning,unsupported:lldp,unsupported ethertype: 0x88cc,unsupported,lldp
packet,data/raw/WiFI_and_MQTT/attacks/pcap/train/TCP_IP-DoS-ICMP1_train.pcap,3872825,1693586259.816427,warning,unsupported:lldp,unsupported ethertype: 0x88cc,unsupported,lldp
packet,data/raw/WiFI_and_MQTT/attacks/pcap/train/TCP_IP-DoS-ICMP1_train.pcap,5023071,1693586307.016295,warning,unsupported:lldp,unsupported ethertype: 0x88cc,unsupported,lldp
packet,data/raw/WiFI_and_MQTT/attacks/pcap/train/TCP_IP-DoS-ICMP1_train.pcap,7518126,1693586398.832923,warning,unsupported:lldp,unsupported ethertype: 0x88cc,unsupported,lldp
packet,data/raw/WiFI_and_MQTT/attacks/pcap/train/TCP_IP-DoS-ICMP2_train.pcap,3849123,1693587204.693072,warning,unsupported:lldp,unsupported ethertype: 0x88cc,unsupported,lldp
packet,data/raw/WiFI_and_MQTT/attacks/pcap/train/TCP_IP-DoS-ICMP2_train.pcap,3917523,1693587251.871181,warning,unsupported:lldp,unsupported ethertype: 0x88cc,unsupported,lldp
packet,data/raw/WiFI_and_MQTT/attacks/pcap/train/TCP_IP-DoS-ICMP2_train.pcap,4033319,1693587343.703122,warning,unsupported:lldp,unsupported ethertype: 0x88cc,unsupported,lldp
packet,data/raw/WiFI_and_MQTT/attacks/pcap/train/TCP_IP-DoS-ICMP2_train.pcap,4406797,1693587636.382696,warning,unsupported:lldp,unsupported ethertype: 0x88cc,unsupported,lldp
packet,data/raw/WiFI_and_MQTT/attacks/pcap/train/TCP_IP-DoS-ICMP2_train.pcap,4509309,1693588581.243544,warning,unsupported:lldp,unsupported ethertype: 0x88cc,unsupported,lldp
packet,data/raw/WiFI_and_MQTT/attacks/pcap/train/TCP_IP-DoS-ICMP3_train.pcap,5860577,1693590797.525937,warning,unsupported:lldp,unsupported ethertype: 0x88cc,unsupported,lldp
packet,data/raw/WiFI_and_MQTT/attacks/pcap/train/TCP_IP-DoS-ICMP3_train.pcap,10040546,1693590984.150627,warning,unsupported:lldp,unsupported ethertype: 0x88cc,unsupported,lldp
packet,data/raw/WiFI_and_MQTT/attacks/pcap/train/TCP_IP-DoS-ICMP4_train.pcap,2468002,1693585314.887598,warning,unsupported:lldp,unsupported ethertype: 0x88cc,unsupported,lldp
packet,data/raw/WiFI_and_MQTT/attacks/pcap/train/TCP_IP-DoS-ICMP4_train.pcap,3358883,1693585362.166032,warning,unsupported:lldp,unsupported ethertype: 0x88cc,unsupported,lldp
packet,data/raw/WiFI_and_MQTT/attacks/pcap/train/TCP_IP-DoS-ICMP4_train.pcap,4517523,1693585453.982836,warning,unsupported:lldp,unsupported ethertype: 0x88cc,unsupported,lldp
packet,data/raw/WiFI_and_MQTT/attacks/pcap/train/TCP_IP-DoS-SYN2_train.pcap,1206820,1693492631.639104,warning,unsupported:lldp,unsupported ethertype: 0x88cc,unsupported,lldp
packet,data/raw/WiFI_and_MQTT/attacks/pcap/train/TCP_IP-DoS-SYN2_train.pcap,3067705,1693492858.888357,warning,unsupported:lldp,unsupported ethertype: 0x88cc,unsupported,lldp
packet,data/raw/WiFI_and_MQTT/attacks/pcap/train/TCP_IP-DoS-SYN3_train.pcap,2912058,1693493711.452441,warning,unsupported:lldp,unsupported ethertype: 0x88cc,unsupported,lldp
packet,data/raw/WiFI_and_MQTT/attacks/pcap/train/TCP_IP-DoS-SYN3_train.pcap,3970199,1693493803.757468,warning,unsupported:lldp,unsupported ethertype: 0x88cc,unsupported,lldp
packet,data/raw/WiFI_and_MQTT/attacks/pcap/train/TCP_IP-DoS-SYN3_train.pcap,6579993,1693494521.361587,warning,unsupported:lldp,unsupported ethertype: 0x88cc,unsupported,lldp
packet,data/raw/WiFI_and_MQTT/attacks/pcap/train/TCP_IP-DoS-SYN3_train.pcap,9841572,1693494656.312076,warning,unsupported:lldp,unsupported ethertype: 0x88cc,unsupported,lldp
packet,data/raw/WiFI_and_MQTT/attacks/pcap/train/TCP_IP-DoS-SYN4_train.pcap,2166108,1693490741.908999,warning,unsupported:lldp,unsupported ethertype: 0x88cc,unsupported,lldp
packet,data/raw/WiFI_and_MQTT/attacks/pcap/train/TCP_IP-DoS-SYN4_train.pcap,2724165,1693490876.908782,warning,unsupported:lldp,unsupported ethertype: 0x88cc,unsupported,lldp
packet,data/raw/WiFI_and_MQTT/attacks/pcap/train/TCP_IP-DoS-SYN4_train.pcap,9537386,1693491686.738244,warning,unsupported:lldp,unsupported ethertype: 0x88cc,unsupported,lldp
packet,data/raw/WiFI_and_MQTT/attacks/pcap/train/TCP_IP-DoS-TCP1_train.pcap,2879119,1693412318.854575,warning,unsupported:lldp,unsupported ethertype: 0x88cc,unsupported,lldp
packet,data/raw/WiFI_and_MQTT/attacks/pcap/train/TCP_IP-DoS-TCP2_train.pcap,724032,1693415153.476456,warning,unsupported:lldp,unsupported ethertype: 0x88cc,unsupported,lldp
packet,data/raw/WiFI_and_MQTT/attacks/pcap/train/TCP_IP-DoS-TCP2_train.pcap,9100279,1693417043.161386,warning,unsupported:lldp,unsupported ethertype: 0x88cc,unsupported,lldp
packet,data/raw/WiFI_and_MQTT/attacks/pcap/train/TCP_IP-DoS-TCP2_train.pcap,9102951,1693417178.354314,warning,unsupported:lldp,unsupported ethertype: 0x88cc,unsupported,lldp
packet,data/raw/WiFI_and_MQTT/attacks/pcap/train/TCP_IP-DoS-TCP2_train.pcap,9104846,1693417271.053037,warning,unsupported:lldp,unsupported ethertype: 0x88cc,unsupported,lldp
packet,data/raw/WiFI_and_MQTT/attacks/pcap/train/TCP_IP-DoS-TCP3_train.pcap,4077515,1693417988.003917,warning,unsupported:lldp,unsupported ethertype: 0x88cc,unsupported,lldp
packet,data/raw/WiFI_and_MQTT/attacks/pcap/train/TCP_IP-DoS-TCP3_train.pcap,6574657,1693418123.20837,warning,unsupported:lldp,unsupported ethertype: 0x88cc,unsupported,lldp
packet,data/raw/WiFI_and_MQTT/attacks/pcap/train/TCP_IP-DoS-TCP3_train.pcap,8243001,1693418215.907119,warning,unsupported:lldp,unsupported ethertype: 0x88cc,unsupported,lldp
packet,data/raw/WiFI_and_MQTT/attacks/pcap/train/TCP_IP-DoS-TCP4_train.pcap,3843575,1693418932.878584,warning,unsupported:lldp,unsupported ethertype: 0x88cc,unsupported,lldp
packet,data/raw/WiFI_and_MQTT/attacks/pcap/train/TCP_IP-DoS-TCP4_train.pcap,5019287,1693419068.048241,warning,unsupported:lldp,unsupported ethertype: 0x88cc,unsupported,lldp
packet,data/raw/WiFI_and_MQTT/attacks/pcap/train/TCP_IP-DoS-TCP4_train.pcap,5926496,1693419160.731578,warning,unsupported:lldp,unsupported ethertype: 0x88cc,unsupported,lldp
packet,data/raw/WiFI_and_MQTT/attacks/pcap/train/TCP_IP-DoS-UDP1_train.pcap,8359672,1693505947.160656,warning,unsupported:lldp,unsupported ethertype: 0x88cc,unsupported,lldp
packet,data/raw/WiFI_and_MQTT/attacks/pcap/train/TCP_IP-DoS-UDP1_train.pcap,8687448,1693505994.535641,warning,unsupported:lldp,unsupported ethertype: 0x88cc,unsupported,lldp
packet,data/raw/WiFI_and_MQTT/attacks/pcap/train/TCP_IP-DoS-UDP1_train.pcap,9186826,1693506086.764431,warning,unsupported:lldp,unsupported ethertype: 0x88cc,unsupported,lldp
packet,data/raw/WiFI_and_MQTT/attacks/pcap/train/TCP_IP-DoS-UDP2_train.pcap,6736034,1693506892.006509,warning,unsupported:lldp,unsupported ethertype: 0x88cc,unsupported,lldp
packet,data/raw/WiFI_and_MQTT/attacks/pcap/train/TCP_IP-DoS-UDP2_train.pcap,7633385,1693506939.415014,warning,unsupported:lldp,unsupported ethertype: 0x88cc,unsupported,lldp
packet,data/raw/WiFI_and_MQTT/attacks/pcap/train/TCP_IP-DoS-UDP2_train.pcap,10467573,1693508781.69862,warning,unsupported:lldp,unsupported ethertype: 0x88cc,unsupported,lldp
packet,data/raw/WiFI_and_MQTT/attacks/pcap/train/TCP_IP-DoS-UDP2_train.pcap,11075806,1693508829.120559,warning,unsupported:lldp,unsupported ethertype: 0x88cc,unsupported,lldp
packet,data/raw/WiFI_and_MQTT/attacks/pcap/train/TCP_IP-DoS-UDP2_train.pcap,11365561,1693508921.318965,warning,unsupported:lldp,unsupported ethertype: 0x88cc,unsupported,lldp
packet,data/raw/WiFI_and_MQTT/attacks/pcap/train/TCP_IP-DoS-UDP3_train.pcap,490831,1693577148.62657,warning,unsupported:lldp,unsupported ethertype: 0x88cc,unsupported,lldp
packet,data/raw/WiFI_and_MQTT/attacks/pcap/train/TCP_IP-DoS-UDP4_train.pcap,1904630,1693504057.430874,warning,unsupported:lldp,unsupported ethertype: 0x88cc,unsupported,lldp
packet,data/raw/WiFI_and_MQTT/attacks/pcap/train/TCP_IP-DoS-UDP4_train.pcap,2200424,1693504104.843719,warning,unsupported:lldp,unsupported ethertype: 0x88cc,unsupported,lldp
packet,data/raw/WiFI_and_MQTT/attacks/pcap/train/TCP_IP-DoS-UDP4_train.pcap,2695799,1693504197.077755,warning,unsupported:lldp,unsupported ethertype: 0x88cc,unsupported,lldp
packet,data/raw/WiFI_and_MQTT/attacks/pcap/train/TCP_IP-DoS-UDP4_train.pcap,10565295,1693505002.300877,warning,unsupported:lldp,unsupported ethertype: 0x88cc,unsupported,lldp
packet,data/raw/WiFI_and_MQTT/attacks/pcap/train/TCP_IP-DoS-UDP4_train.pcap,11721500,1693505049.689877,warning,unsupported:lldp,unsupported ethertype: 0x88cc,unsupported,lldp
packet,data/raw/WiFI_and_MQTT/profiling/PCAP/Active/Active.pcap,11279,1699287225.598146,warning,unsupported:lldp,unsupported ethertype: 0x88cc,unsupported,lldp
packet,data/raw/WiFI_and_MQTT/profiling/PCAP/Active/Active.pcap,15934,1699287609.671608,warning,unsupported:lldp,unsupported ethertype: 0x88cc,unsupported,lldp
packet,data/raw/WiFI_and_MQTT/profiling/PCAP/Active/Active.pcap,21705,1699288170.44238,warning,unsupported:lldp,unsupported ethertype: 0x88cc,unsupported,lldp
packet,data/raw/WiFI_and_MQTT/profiling/PCAP/Active/Active.pcap,24842,1699288554.520698,warning,unsupported:lldp,unsupported ethertype: 0x88cc,unsupported,lldp
packet,data/raw/WiFI_and_MQTT/profiling/PCAP/Active/Active.pcap,32106,1699289115.29872,warning,unsupported:lldp,unsupported ethertype: 0x88cc,unsupported,lldp
packet,data/raw/WiFI_and_MQTT/profiling/PCAP/Broker/ActiveBroker.pcap,15676,1699287742.756102,warning,unsupported:lldp,unsupported ethertype: 0x88cc,unsupported,lldp
packet,data/raw/WiFI_and_MQTT/profiling/PCAP/Broker/ActiveBroker.pcap,33599,1699288687.620151,warning,unsupported:lldp,unsupported ethertype: 0x88cc,unsupported,lldp
packet,data/raw/WiFI_and_MQTT/profiling/PCAP/Broker/ActiveBroker.pcap,51617,1699289632.469672,warning,unsupported:lldp,unsupported ethertype: 0x88cc,unsupported,lldp
packet,data/raw/WiFI_and_MQTT/profiling/PCAP/Broker/ActiveBroker.pcap,69702,1699290577.309212,warning,unsupported:lldp,unsupported ethertype: 0x88cc,unsupported,lldp
packet,data/raw/WiFI_and_MQTT/profiling/PCAP/Broker/ActiveBroker.pcap,87663,1699291522.177197,warning,unsupported:lldp,unsupported ethertype: 0x88cc,unsupported,lldp
packet,data/raw/WiFI_and_MQTT/profiling/PCAP/Idle/Idle.pcap,275,1698872437.330996,warning,unsupported:lldp,unsupported ethertype: 0x88cc,unsupported,lldp
packet,data/raw/WiFI_and_MQTT/profiling/PCAP/Idle/Idle.pcap,3350,1698873309.831536,warning,unsupported:lldp,unsupported ethertype: 0x88cc,unsupported,lldp
packet,data/raw/WiFI_and_MQTT/profiling/PCAP/Idle/Idle.pcap,3546,1698873382.17033,warning,unsupported:lldp,unsupported ethertype: 0x88cc,unsupported,lldp
packet,data/raw/WiFI_and_MQTT/profiling/PCAP/Idle/Idle.pcap,6541,1698874254.693651,warning,unsupported:lldp,unsupported ethertype: 0x88cc,unsupported,lldp
packet,data/raw/WiFI_and_MQTT/profiling/PCAP/Idle/Idle.pcap,6788,1698874327.049329,warning,unsupported:lldp,unsupported ethertype: 0x88cc,unsupported,lldp
