pcap_path,filename,source,split,binary_label,attack_family,attack_type,profiling_type,profiling_variant,device,capture_session,file_size_manifest,file_size_bytes,parse_success,open_error,linktype,packet_count,total_frame_bytes,min_frame_length,max_frame_length,mean_frame_length,ok_count,partial_count,unsupported_count,malformed_count,error_count,ipv4_count,ipv6_count,arp_count,llc_count,tcp_count,udp_count,icmp_count,icmpv6_count,igmp_count,vlan_count,first_timestamp,last_timestamp,min_timestamp,max_timestamp,capture_order_duration,capture_timestamp_span,duplicate_timestamp_count,negative_delta_count,non_monotonic_timestamp_count,warnings,hard_failures,audit_strategy_version
data/raw/WiFI_and_MQTT/attacks/pcap/test/ARP_Spoofing_test.pcap,ARP_Spoofing_test.pcap,attacks,test,ATTACK,Spoofing,ARP_Spoofing,,,,ARP_Spoofing,7949717,7949717,True,,1,17463,7670285,42,1514,439.230659107828,17462,0,1,0,0,17249,27,185,1,5208,12067,0,1,0,0,1694027470.782885,1694027700.39306,1694027470.782885,1694027700.39306,229.61017489433289,229.61017489433289,3301,0,3301,file:unsupported_present;file:timestamp_duplicate,,phase1b2_v1
data/raw/WiFI_and_MQTT/attacks/pcap/test/Benign_test.pcap,Benign_test.pcap,attacks,test,BENIGN,,,,,,Benign,98059593,98059593,True,,1,377536,92018993,42,1514,243.73567818698083,377476,0,60,0,0,369315,1461,6693,7,311773,58869,7,77,50,0,1694694254.461693,1694708460.253298,1694694254.461693,1694708460.253298,14205.791604995728,14205.791604995728,745,15,760,file:unsupported_present;file:timestamp_duplicate;file:timestamp_reversal,,phase1b2_v1
data/raw/WiFI_and_MQTT/attacks/pcap/test/MQTT-DDoS-Connect_Flood_test.pcap,MQTT-DDoS-Connect_Flood_test.pcap,attacks,test,ATTACK,MQTT,MQTT_DDoS_Connect_Flood,,,,MQTT_DDoS_Connect_Flood,354547102,354547102,True,,1,4189922,287508326,42,1474,68.61901629672343,4189922,0,0,0,0,4189855,11,56,0,4189750,115,0,1,0,0,1693340875.76712,1693341000.509879,1693340875.76712,1693341000.509879,124.74275922775269,124.74275922775269,2117561,12196,2129757,file:timestamp_duplicate;file:timestamp_reversal,,phase1b2_v1
data/raw/WiFI_and_MQTT/attacks/pcap/test/MQTT-DDoS-Publish_Flood_test.pcap,MQTT-DDoS-Publish_Flood_test.pcap,attacks,test,ATTACK,MQTT,MQTT_DDoS_Publish_Flood,,,,MQTT_DDoS_Publish_Flood,331111229,331111229,True,,1,840207,317667893,42,1514,378.0828926681163,840206,0,1,0,0,840070,19,117,0,839943,145,0,1,0,0,1693339546.221156,1693339680.340611,1693339546.221156,1693339680.340611,134.11945509910583,134.11945509910583,319197,803,320000,file:unsupported_present;file:timestamp_duplicate;file:timestamp_reversal,,phase1b2_v1
data/raw/WiFI_and_MQTT/attacks/pcap/test/MQTT-DoS-Connect_Flood_test.pcap,MQTT-DoS-Connect_Flood_test.pcap,attacks,test,ATTACK,MQTT,MQTT_DoS_Connect_Flood,,,,MQTT_DoS_Connect_Flood,27166717,27166717,True,,1,312927,22159861,42,1514,70.81479386566195,312925,0,2,0,0,312799,14,112,0,312607,206,0,0,0,0,1693247578.319242,1693247820.42841,1693247578.319242,1693247820.42841,242.10916805267334,242.10916805267334,81169,285,81454,file:unsupported_present;file:timestamp_duplicate;file:timestamp_reversal,,phase1b2_v1
data/raw/WiFI_and_MQTT/attacks/pcap/test/MQTT-DoS-Publish_Flood_test.pcap,MQTT-DoS-Publish_Flood_test.pcap,attacks,test,ATTACK,MQTT,MQTT_DoS_Publish_Flood,,,,MQTT_DoS_Publish_Flood,236949368,236949368,True,,1,849206,223362048,42,1514,263.0245758979564,849205,0,1,0,0,849143,6,56,0,849050,99,0,0,0,0,1693330080.443891,1693330200.734988,1693330080.443891,1693330200.734988,120.29109692573547,120.29109692573547,314211,2128,316339,file:unsupported_present;file:timestamp_duplicate;file:timestamp_reversal,,phase1b2_v1
data/raw/WiFI_and_MQTT/attacks/pcap/test/MQTT-Malformed_Data_test.pcap,MQTT-Malformed_Data_test.pcap,attacks,test,ATTACK,MQTT,MQTT_Malformed_Data,,,,MQTT_Malformed_Data,8570468,8570468,True,,1,17470,8290924,42,1514,474.5806525472238,17470,0,0,0,0,17280,8,182,0,17102,186,0,0,0,0,1693233980.407346,1693234200.799712,1693233980.407346,1693234200.799712,220.3923659324646,220.3923659324646,4838,0,4838,file:timestamp_duplicate,,phase1b2_v1
data/raw/WiFI_and_MQTT/attacks/pcap/test/Recon-OS_Scan_test.pcap,Recon-OS_Scan_test.pcap,attacks,test,ATTACK,Recon,OS_Scan,,,,OS_Scan,3455426,3455426,True,,1,38364,2841578,42,1514,74.06886664581378,38363,0,1,0,0,38181,31,150,1,37617,410,175,5,5,0,1694104462.519285,1694104680.356904,1694104462.519285,1694104680.356904,217.8376190662384,217.8376190662384,14028,13,14041,file:unsupported_present;file:timestamp_duplicate;file:timestamp_reversal,,phase1b2_v1
data/raw/WiFI_and_MQTT/attacks/pcap/test/Recon-Ping_Sweep_test.pcap,Recon-Ping_Sweep_test.pcap,attacks,test,ATTACK,Recon,Ping_Sweep,,,,Ping_Sweep,161541,161541,True,,1,1852,131885,60,933,71.2122030237581,1852,0,0,0,0,595,0,1257,0,538,21,36,0,0,0,1694105430.736417,1694105460.481408,1694105430.736417,1694105460.481408,29.744991064071655,29.744991064071655,9,0,9,file:timestamp_duplicate,,phase1b2_v1
data/raw/WiFI_and_MQTT/attacks/pcap/test/Recon-Port_Scan_test.pcap,Recon-Port_Scan_test.pcap,attacks,test,ATTACK,Recon,Port_Scan,,,,Port_Scan,20947253,20947253,True,,1,226233,17327501,42,1514,76.59139471253089,226233,0,0,0,0,226091,25,116,1,215603,10513,0,0,0,0,1694102611.205863,1694102760.44558,1694102611.205863,1694102760.44558,149.23971700668335,149.23971700668335,108369,112,108481,file:timestamp_duplicate;file:timestamp_reversal,,phase1b2_v1
data/raw/WiFI_and_MQTT/attacks/pcap/test/Recon-VulScan_test.pcap,Recon-VulScan_test.pcap,attacks,test,ATTACK,Recon,VulScan,,,,VulScan,1216962,1216962,True,,1,10366,1051082,42,1514,101.39706733551996,10365,0,1,0,0,10183,30,151,1,9610,602,0,1,0,0,1694532806.452474,1694533194.848397,1694532806.452474,1694533194.848397,388.3959228992462,388.3959228992462,1203,533,1736,file:unsupported_present;file:timestamp_duplicate;file:timestamp_reversal,,phase1b2_v1
data/raw/WiFI_and_MQTT/attacks/pcap/test/TCP_IP-DDoS-ICMP1_test.pcap,TCP_IP-DDoS-ICMP1_test.pcap,attacks,test,ATTACK,DDoS,DDoS_ICMP,,,,DDoS_ICMP_1,1186157315,1186157315,True,,1,15394832,939839979,42,1514,61.04905717710982,15394831,0,1,0,0,15390560,53,4203,15,31474,1221,15357917,1,0,0,1694019633.795036,1694020260.409491,1694019633.795036,1694020260.409491,626.6144549846649,626.6144549846649,7701701,3717,7705418,file:unsupported_present;file:timestamp_duplicate;file:timestamp_reversal,,phase1b2_v1
data/raw/WiFI_and_MQTT/attacks/pcap/test/TCP_IP-DDoS-ICMP2_test.pcap,TCP_IP-DDoS-ICMP2_test.pcap,attacks,test,ATTACK,DDoS,DDoS_ICMP,,,,DDoS_ICMP_2,1495000433,1495000433,True,,1,19560366,1182034553,42,1514,60.43008361908974,19560363,0,3,0,0,19559749,64,550,0,20136,696,19538958,12,11,0,1693943378.270438,1694019633.795036,1693943378.270438,1694019633.795036,76255.52459812164,76255.52459812164,10022437,2970,10025407,file:unsupported_present;file:timestamp_duplicate;file:timestamp_reversal,,phase1b2_v1
data/raw/WiFI_and_MQTT/attacks/pcap/test/TCP_IP-DDoS-SYN_test.pcap,TCP_IP-DDoS-SYN_test.pcap,attacks,test,ATTACK,DDoS,DDoS_SYN,,,,DDoS_SYN,1349298819,1349298819,True,,1,17233425,1073563995,42,1514,62.295451716649474,17233418,0,7,0,0,17225143,157,8103,15,17221347,3626,301,16,10,0,1693928609.809045,1693930560.173119,1693928609.809045,1693930560.173119,1950.3640739917755,1950.3640739917755,8832728,35104,8867832,file:unsupported_present;file:timestamp_duplicate;file:timestamp_reversal,,phase1b2_v1
data/raw/WiFI_and_MQTT/attacks/pcap/test/TCP_IP-DDoS-TCP_test.pcap,TCP_IP-DDoS-TCP_test.pcap,attacks,test,ATTACK,DDoS,DDoS_TCP,,,,DDoS_TCP,1399714892,1399714892,True,,1,18252695,1107671748,42,1514,60.68538087115355,18252688,0,7,0,0,18250012,95,2578,3,18248265,1654,166,12,10,0,1693922574.980618,1693923600.082412,1693922574.980618,1693923600.082412,1025.1017940044403,1025.1017940044403,9162649,17357,9180006,file:unsupported_present;file:timestamp_duplicate;file:timestamp_reversal,,phase1b2_v1
data/raw/WiFI_and_MQTT/attacks/pcap/test/TCP_IP-DDoS-UDP1_test.pcap,TCP_IP-DDoS-UDP1_test.pcap,attacks,test,ATTACK,DDoS,DDoS_UDP,,,,DDoS_UDP_1,1576000024,1576000024,True,,1,20557509,1247079856,42,1514,60.66298480034716,20557506,0,3,0,0,20556411,81,992,22,24666,20530622,1167,37,0,0,1693937349.443722,1693937923.616378,1693937349.443722,1693937923.616378,574.1726560592651,574.1726560592651,11256827,2982,11259809,file:unsupported_present;file:timestamp_duplicate;file:timestamp_reversal,,phase1b2_v1
data/raw/WiFI_and_MQTT/attacks/pcap/test/TCP_IP-DDoS-UDP2_test.pcap,TCP_IP-DDoS-UDP2_test.pcap,attacks,test,ATTACK,DDoS,DDoS_UDP,,,,DDoS_UDP_2,1215541422,1215541422,True,,1,15635442,965374326,42,1514,61.742694961869326,15635441,0,1,0,0,15633907,74,1449,11,37958,15595547,432,25,19,0,1693937923.616378,1693938359.904476,1693937923.616378,1693938359.904476,436.28809785842896,436.28809785842896,8113066,1380,8114446,file:unsupported_present;file:timestamp_duplicate;file:timestamp_reversal,,phase1b2_v1
data/raw/WiFI_and_MQTT/attacks/pcap/test/TCP_IP-DoS-ICMP_test.pcap,TCP_IP-DoS-ICMP_test.pcap,attacks,test,ATTACK,DoS,DoS_ICMP,,,,DoS_ICMP,773170088,773170088,True,,1,9839293,615741376,38,1514,62.57983942545465,9839288,0,5,0,0,9836833,132,2318,5,55506,1481,9779957,11,10,0,1693591021.151104,1693593719.686596,1693591021.151104,1693593719.686596,2698.5354919433594,2698.5354919433594,4611092,23,4611115,file:unsupported_present;file:timestamp_duplicate;file:timestamp_reversal,,phase1b2_v1
data/raw/WiFI_and_MQTT/attacks/pcap/test/TCP_IP-DoS-SYN_test.pcap,TCP_IP-DoS-SYN_test.pcap,attacks,test,ATTACK,DoS,DoS_SYN,,,,DoS_SYN,749546727,749546727,True,,1,9854644,591872399,42,1514,60.060251694531026,9854643,0,1,0,0,9854201,44,291,107,9853667,562,0,16,0,0,1693494698.199676,1693495140.462959,1693494698.199676,1693495140.462959,442.2632830142975,442.2632830142975,3938301,73570,4011871,file:unsupported_present;file:timestamp_duplicate;file:timestamp_reversal,,phase1b2_v1
data/raw/WiFI_and_MQTT/attacks/pcap/test/TCP_IP-DoS-TCP_test.pcap,TCP_IP-DoS-TCP_test.pcap,attacks,test,ATTACK,DoS,DoS_TCP,,,,DoS_TCP,647511014,647511014,True,,1,8206400,516208590,42,1514,62.903171914603234,8206398,0,2,0,0,8206110,43,245,0,8205637,514,0,2,0,0,1693419578.769855,1693420080.274247,1693419578.769855,1693420080.274247,501.50439190864563,501.50439190864563,2943540,9953,2953493,file:unsupported_present;file:timestamp_duplicate;file:timestamp_reversal,,phase1b2_v1
data/raw/WiFI_and_MQTT/attacks/pcap/test/TCP_IP-DoS-UDP_test.pcap,TCP_IP-DoS-UDP_test.pcap,attacks,test,ATTACK,DoS,DoS_UDP,,,,DoS_UDP,1049509322,1049509322,True,,1,13749514,829517074,42,1514,60.33064688686451,13749510,0,4,0,0,13748543,68,888,11,19571,13728450,575,10,5,0,1693577745.89509,1693583640.309201,1693577745.89509,1693583640.309201,5894.414110898972,5894.414110898972,6584636,329,6584965,file:unsupported_present;file:timestamp_duplicate;file:timestamp_reversal,,phase1b2_v1
data/raw/WiFI_and_MQTT/attacks/pcap/train/ARP_Spoofing_train.pcap,ARP_Spoofing_train.pcap,attacks,train,ATTACK,Spoofing,ARP_Spoofing,,,,ARP_Spoofing,80000193,80000193,True,,1,160614,77430345,42,1514,482.08963726698795,160605,0,9,0,0,155977,172,4451,5,83988,72080,63,18,0,0,1694021280.240978,1694027470.782845,1694021280.240978,1694027470.782845,6190.541867017746,6190.541867017746,33339,0,33339,file:unsupported_present;file:timestamp_duplicate,,phase1b2_v1
data/raw/WiFI_and_MQTT/attacks/pcap/train/Benign_train.pcap,Benign_train.pcap,attacks,train,BENIGN,,,,,,Benign,395000451,395000451,True,,1,1935680,364029547,42,1514,188.06287557860804,1935340,0,340,0,0,1888141,8144,39000,55,1745614,149711,203,465,292,0,1694614860.354327,1694694254.461535,1694614860.354327,1694694254.461535,79394.10720801353,79394.10720801353,43881,1032,44913,file:unsupported_present;file:timestamp_duplicate;file:timestamp_reversal,,phase1b2_v1
data/raw/WiFI_and_MQTT/attacks/pcap/train/MQTT-DDoS-Connect_Flood_train.pcap,MQTT-DDoS-Connect_Flood_train.pcap,attacks,train,ATTACK,MQTT,MQTT_DDoS_Connect_Flood,,,,MQTT_DDoS_Connect_Flood,1474000046,1474000046,True,,1,17295946,1197264886,42,1514,69.22228399649259,17295945,0,1,0,0,17295550,49,346,0,17295068,530,0,1,0,0,1693340340.198349,1693340875.76712,1693340340.198349,1693340875.76712,535.5687708854675,535.5687708854675,8583988,57419,8641407,file:unsupported_present;file:timestamp_duplicate;file:timestamp_reversal,,phase1b2_v1
data/raw/WiFI_and_MQTT/attacks/pcap/train/MQTT-DDoS-Publish_Flood_train.pcap,MQTT-DDoS-Publish_Flood_train.pcap,attacks,train,ATTACK,MQTT,MQTT_DDoS_Publish_Flood,,,,MQTT_DDoS_Publish_Flood,1556000060,1556000060,True,,1,2754292,1511931364,42,1514,548.9364831325074,2754290,0,2,0,0,2754003,38,249,0,2753549,492,0,0,0,0,1693339020.157146,1693339546.221046,1693339020.157146,1693339546.221046,526.0638999938965,526.0638999938965,987944,3916,991860,file:unsupported_present;file:timestamp_duplicate;file:timestamp_reversal,,phase1b2_v1
data/raw/WiFI_and_MQTT/attacks/pcap/train/MQTT-DoS-Connect_Flood_train.pcap,MQTT-DoS-Connect_Flood_train.pcap,attacks,train,ATTACK,MQTT,MQTT_DoS_Connect_Flood,,,,MQTT_DoS_Connect_Flood,110000019,110000019,True,,1,1276947,89568843,42,1474,70.14296051441445,1276947,0,0,0,0,1276679,45,223,0,1276314,399,0,6,5,0,1693247160.179689,1693247578.319241,1693247160.179689,1693247578.319241,418.13955211639404,418.13955211639404,380689,3095,383784,file:timestamp_duplicate;file:timestamp_reversal,,phase1b2_v1
data/raw/WiFI_and_MQTT/attacks/pcap/train/MQTT-DoS-Publish_Flood_train.pcap,MQTT-DoS-Publish_Flood_train.pcap,attacks,train,ATTACK,MQTT,MQTT_DoS_Publish_Flood,,,,MQTT_DoS_Publish_Flood,1228000128,1228000128,True,,1,4431579,1157094840,42,1514,261.1021579441549,4431577,0,2,0,0,4431214,44,318,1,4430737,519,0,2,0,0,1693329540.179304,1693330080.443046,1693329540.179304,1693330080.443046,540.2637422084808,540.2637422084808,1682672,14826,1697498,file:unsupported_present;file:timestamp_duplicate;file:timestamp_reversal,,phase1b2_v1
data/raw/WiFI_and_MQTT/attacks/pcap/train/MQTT-Malformed_Data_train.pcap,MQTT-Malformed_Data_train.pcap,attacks,train,ATTACK,MQTT,MQTT_Malformed_Data,,,,MQTT_Malformed_Data,34000023,34000023,True,,1,51332,33178687,42,1514,646.3548468791397,51331,0,1,0,0,50997,45,289,0,50546,495,1,0,0,0,1693233540.548745,1693233980.400352,1693233540.548745,1693233980.400352,439.8516070842743,439.8516070842743,18488,6,18494,file:unsupported_present;file:timestamp_duplicate;file:timestamp_reversal,,phase1b2_v1
data/raw/WiFI_and_MQTT/attacks/pcap/train/Recon-OS_Scan_train.pcap,Recon-OS_Scan_train.pcap,attacks,train,ATTACK,Recon,OS_Scan,,,,OS_Scan,14000021,14000021,True,,1,168400,11305597,42,1514,67.13537410926365,168397,0,3,0,0,167553,91,752,1,165678,1334,620,7,5,0,1694103600.101458,1694104462.519283,1694103600.101458,1694104462.519283,862.4178249835968,862.4178249835968,57348,81,57429,file:unsupported_present;file:timestamp_duplicate;file:timestamp_reversal,,phase1b2_v1
data/raw/WiFI_and_MQTT/attacks/pcap/train/Recon-Ping_Sweep_train.pcap,Recon-Ping_Sweep_train.pcap,attacks,train,ATTACK,Recon,Ping_Sweep,,,,Ping_Sweep,644273,644273,True,,1,7406,525753,42,1474,70.99014312719417,7404,0,2,0,0,2126,9,5269,0,1908,99,128,0,0,0,1694105340.104079,1694105430.736416,1694105340.104079,1694105430.736416,90.63233709335327,90.63233709335327,57,1,58,file:unsupported_present;file:timestamp_duplicate;file:timestamp_reversal,,phase1b2_v1
data/raw/WiFI_and_MQTT/attacks/pcap/train/Recon-Port_Scan_train.pcap,Recon-Port_Scan_train.pcap,attacks,train,ATTACK,Recon,Port_Scan,,,,Port_Scan,81000046,81000046,True,,1,839912,67561430,42,1514,80.43870072102791,839908,0,4,0,0,838661,134,1112,1,799221,39530,20,14,10,0,1694100000.378207,1694102611.205861,1694100000.378207,1694102611.205861,2610.8276541233063,2610.8276541233063,361557,475,362032,file:unsupported_present;file:timestamp_duplicate;file:timestamp_reversal,,phase1b2_v1
data/raw/WiFI_and_MQTT/attacks/pcap/train/Recon-VulScan_train.pcap,Recon-VulScan_train.pcap,attacks,train,ATTACK,Recon,VulScan,,,,VulScan,5000071,5000071,True,,1,21747,4652095,54,1514,213.91893134685245,21746,0,1,0,0,21674,16,55,1,14434,7218,28,5,5,0,1694532486.484113,1694532806.450869,1694532486.484113,1694532806.450869,319.966756105423,319.966756105423,5540,9,5549,file:unsupported_present;file:timestamp_duplicate;file:timestamp_reversal,,phase1b2_v1
data/raw/WiFI_and_MQTT/attacks/pcap/train/TCP_IP-DDoS-ICMP1_train.pcap,TCP_IP-DDoS-ICMP1_train.pcap,attacks,train,ATTACK,DDoS,DDoS_ICMP,,,,DDoS_ICMP_1,1495000075,1495000075,True,,1,19486169,1183221347,42,1514,60.72108617142754,19486167,0,1,1,0,19484793,56,1299,19,26987,633,19457224,5,0,0,1693938986.003698,1693939620.565791,1693938986.003698,1693939620.565791,634.5620927810669,634.5620927810669,9666298,1353,9667651,file:malformed_present;file:unsupported_present;file:timestamp_duplicate;file:timestamp_reversal,,phase1b2_v1
data/raw/WiFI_and_MQTT/attacks/pcap/train/TCP_IP-DDoS-ICMP2_train.pcap,TCP_IP-DDoS-ICMP2_train.pcap,attacks,train,ATTACK,DDoS,DDoS_ICMP,,,,DDoS_ICMP_2,1495000031,1495000031,True,,1,19475470,1183392487,42,1514,60.763231233957384,19475467,0,3,0,0,19474698,37,715,17,22590,451,19451674,10,10,0,1693939620.565791,1693939902.965087,1693939620.565791,1693939902.965087,282.39929604530334,282.39929604530334,10376201,7514,10383715,file:unsupported_present;file:timestamp_duplicate;file:timestamp_reversal,,phase1b2_v1
data/raw/WiFI_and_MQTT/attacks/pcap/train/TCP_IP-DDoS-ICMP3_train.pcap,TCP_IP-DDoS-ICMP3_train.pcap,attacks,train,ATTACK,DDoS,DDoS_ICMP,,,,DDoS_ICMP_3,1495000043,1495000043,True,,1,18963740,1191580179,42,1514,62.834661253529106,18963739,0,1,0,0,18963223,39,476,1,39404,72425,18851431,2,0,0,1693939902.965087,1693940461.080129,1693939902.965087,1693940461.080129,558.1150419712067,558.1150419712067,11912066,3717,11915783,file:unsupported_present;file:timestamp_duplicate;file:timestamp_reversal,,phase1b2_v1
data/raw/WiFI_and_MQTT/attacks/pcap/train/TCP_IP-DDoS-ICMP4_train.pcap,TCP_IP-DDoS-ICMP4_train.pcap,attacks,train,ATTACK,DDoS,DDoS_ICMP,,,,DDoS_ICMP_4,1495000009,1495000009,True,,1,19266601,1186734369,42,1514,61.59541939961283,19266598,0,3,0,0,19265903,46,629,20,28348,40851,19196749,1,0,0,1693940461.080129,1693940996.362122,1693940461.080129,1693940996.362122,535.2819931507111,535.2819931507111,11770241,2482,11772723,file:unsupported_present;file:timestamp_duplicate;file:timestamp_reversal,,phase1b2_v1
data/raw/WiFI_and_MQTT/attacks/pcap/train/TCP_IP-DDoS-ICMP5_train.pcap,TCP_IP-DDoS-ICMP5_train.pcap,attacks,train,ATTACK,DDoS,DDoS_ICMP,,,,DDoS_ICMP_5,1495000034,1495000034,True,,1,19496250,1183060010,42,1514,60.68141360518048,19496249,0,1,0,0,19495447,34,740,28,22432,563,19472485,1,0,0,1693940996.362122,1693941384.831815,1693940996.362122,1693941384.831815,388.46969294548035,388.46969294548035,11159266,2028,11161294,file:unsupported_present;file:timestamp_duplicate;file:timestamp_reversal,,phase1b2_v1
data/raw/WiFI_and_MQTT/attacks/pcap/train/TCP_IP-DDoS-ICMP6_train.pcap,TCP_IP-DDoS-ICMP6_train.pcap,attacks,train,ATTACK,DDoS,DDoS_ICMP,,,,DDoS_ICMP_6,1495000034,1495000034,True,,1,19080009,1189719866,42,1514,62.35426125847215,19080008,0,1,0,0,19078528,56,1408,16,59583,2449,19016552,0,0,0,1693941384.831843,1693942039.115173,1693941384.831843,1693942039.115173,654.2833302021027,654.2833302021027,10209991,840,10210831,file:unsupported_present;file:timestamp_duplicate;file:timestamp_reversal,,phase1b2_v1
data/raw/WiFI_and_MQTT/attacks/pcap/train/TCP_IP-DDoS-ICMP7_train.pcap,TCP_IP-DDoS-ICMP7_train.pcap,attacks,train,ATTACK,DDoS,DDoS_ICMP,,,,DDoS_ICMP_7,1495000006,1495000006,True,,1,18594177,1197493150,42,1514,64.40151397934956,18594173,0,4,0,0,18590430,73,3657,13,112952,3223,18474324,4,0,0,1693942039.115174,1693943378.270438,1693942039.115174,1693943378.270438,1339.1552639007568,1339.1552639007568,9254124,1053,9255177,file:unsupported_present;file:timestamp_duplicate;file:timestamp_reversal,,phase1b2_v1
data/raw/WiFI_and_MQTT/attacks/pcap/train/TCP_IP-DDoS-ICMP8_train.pcap,TCP_IP-DDoS-ICMP8_train.pcap,attacks,train,ATTACK,DDoS,DDoS_ICMP,,,,DDoS_ICMP_8,1495000072,1495000072,True,,1,19326527,1185775616,42,1514,61.354821587965596,19326524,0,3,0,0,19325108,46,1367,3,39330,831,19284990,1,2,0,1693938480.615073,1693938986.003698,1693938480.615073,1693938986.003698,505.3886251449585,505.3886251449585,9975177,701,9975878,file:unsupported_present;file:timestamp_duplicate;file:timestamp_reversal,,phase1b2_v1
data/raw/WiFI_and_MQTT/attacks/pcap/train/TCP_IP-DDoS-SYN1_train.pcap,TCP_IP-DDoS-SYN1_train.pcap,attacks,train,ATTACK,DDoS,DDoS_SYN,,,,DDoS_SYN_1,1556000011,1556000011,True,,1,19931997,1237088035,42,1514,62.06543353383005,19931993,0,4,0,0,19930516,58,1412,7,19929870,698,0,6,0,0,1693925885.918789,1693926623.195082,1693925885.918789,1693926623.195082,737.2762930393219,737.2762930393219,9735759,27072,9762831,file:unsupported_present;file:timestamp_duplicate;file:timestamp_reversal,,phase1b2_v1
data/raw/WiFI_and_MQTT/attacks/pcap/train/TCP_IP-DDoS-SYN2_train.pcap,TCP_IP-DDoS-SYN2_train.pcap,attacks,train,ATTACK,DDoS,DDoS_SYN,,,,DDoS_SYN_2,1556000071,1556000071,True,,1,20359731,1230244351,42,1514,60.42537354742064,20359730,0,1,0,0,20359187,77,465,1,20356510,2733,3,14,4,0,1693926623.195082,1693928224.850094,1693926623.195082,1693928224.850094,1601.6550121307373,1601.6550121307373,10526934,30460,10557394,file:unsupported_present;file:timestamp_duplicate;file:timestamp_reversal,,phase1b2_v1
data/raw/WiFI_and_MQTT/attacks/pcap/train/TCP_IP-DDoS-SYN3_train.pcap,TCP_IP-DDoS-SYN3_train.pcap,attacks,train,ATTACK,DDoS,DDoS_SYN,,,,DDoS_SYN_3,1556000070,1556000070,True,,1,20194641,1232885790,42,1514,61.050146422508824,20194638,0,3,0,0,20194168,40,429,1,20192544,1644,14,6,0,0,1693928224.850094,1693928609.809045,1693928224.850094,1693928609.809045,384.9589509963989,384.9589509963989,12520013,21919,12541932,file:unsupported_present;file:timestamp_duplicate;file:timestamp_reversal,,phase1b2_v1
data/raw/WiFI_and_MQTT/attacks/pcap/train/TCP_IP-DDoS-SYN4_train.pcap,TCP_IP-DDoS-SYN4_train.pcap,attacks,train,ATTACK,DDoS,DDoS_SYN,,,,DDoS_SYN_4,1556000060,1556000060,True,,1,19679812,1241123044,42,1514,63.065797783027605,19679808,0,4,0,0,19677577,132,2081,18,19667125,10426,131,22,5,0,1693924680.397949,1693925885.91871,1693924680.397949,1693925885.91871,1205.520761013031,1205.520761013031,8388656,23237,8411893,file:unsupported_present;file:timestamp_duplicate;file:timestamp_reversal,,phase1b2_v1
data/raw/WiFI_and_MQTT/attacks/pcap/train/TCP_IP-DDoS-TCP1_train.pcap,TCP_IP-DDoS-TCP1_train.pcap,attacks,train,ATTACK,DDoS,DDoS_TCP,,,,DDoS_TCP_1,1576000045,1576000045,True,,1,20223622,1252422069,42,1514,61.92867276692573,20223621,0,1,0,0,20223263,50,308,0,20164958,58343,0,7,5,0,1693919962.519735,1693920322.932077,1693919962.519735,1693920322.932077,360.4123418331146,360.4123418331146,9861088,30660,9891748,file:unsupported_present;file:timestamp_duplicate;file:timestamp_reversal,,phase1b2_v1
data/raw/WiFI_and_MQTT/attacks/pcap/train/TCP_IP-DDoS-TCP2_train.pcap,TCP_IP-DDoS-TCP2_train.pcap,attacks,train,ATTACK,DDoS,DDoS_TCP,,,,DDoS_TCP_2,1576001283,1576001283,True,,1,19700758,1260789131,42,1514,63.99698585201646,19700751,0,7,0,0,19696400,143,4190,18,19654307,42104,103,19,10,0,1693920322.932091,1693921985.480989,1693920322.932091,1693921985.480989,1662.5488979816437,1662.5488979816437,8928346,25911,8954257,file:unsupported_present;file:timestamp_duplicate;file:timestamp_reversal,,phase1b2_v1
data/raw/WiFI_and_MQTT/attacks/pcap/train/TCP_IP-DDoS-TCP3_train.pcap,TCP_IP-DDoS-TCP3_train.pcap,attacks,train,ATTACK,DDoS,DDoS_TCP,,,,DDoS_TCP_3,1576000036,1576000036,True,,1,20399613,1249606204,42,1514,61.25636814776829,20399613,0,0,0,0,20398972,55,585,1,20398490,537,0,0,0,0,1693921985.480989,1693922574.980618,1693921985.480989,1693922574.980618,589.4996290206909,589.4996290206909,10090594,23846,10114440,file:timestamp_duplicate;file:timestamp_reversal,,phase1b2_v1
data/raw/WiFI_and_MQTT/attacks/pcap/train/TCP_IP-DDoS-TCP4_train.pcap,TCP_IP-DDoS-TCP4_train.pcap,attacks,train,ATTACK,DDoS,DDoS_TCP,,,,DDoS_TCP_4,1576000070,1576000070,True,,1,20091019,1254543742,42,1514,62.443012074200915,20091018,0,1,0,0,20090155,60,795,8,20074766,15234,214,1,0,0,1693919100.380849,1693919962.519735,1693919100.380849,1693919962.519735,862.1388862133026,862.1388862133026,9038078,23509,9061587,file:unsupported_present;file:timestamp_duplicate;file:timestamp_reversal,,phase1b2_v1
data/raw/WiFI_and_MQTT/attacks/pcap/train/TCP_IP-DDoS-UDP1_train.pcap,TCP_IP-DDoS-UDP1_train.pcap,attacks,train,ATTACK,DDoS,DDoS_UDP,,,,DDoS_UDP_1,1576000011,1576000011,True,,1,20608951,1246256771,42,1514,60.471625702831744,20608951,0,0,0,0,20608434,36,481,0,23938,20550859,33672,1,0,0,1693931700.446391,1693932053.728081,1693931700.446391,1693932053.728081,353.28168988227844,353.28168988227844,10802829,5258,10808087,file:timestamp_duplicate;file:timestamp_reversal,,phase1b2_v1
data/raw/WiFI_and_MQTT/attacks/pcap/train/TCP_IP-DDoS-UDP2_train.pcap,TCP_IP-DDoS-UDP2_train.pcap,attacks,train,ATTACK,DDoS,DDoS_UDP,,,,DDoS_UDP_2,1576000014,1576000014,True,,1,20722273,1244443622,42,1514,60.05343245888132,20722269,0,4,0,0,20721819,20,430,0,15693,20702733,3412,1,0,0,1693932053.728081,1693932518.845924,1693932053.728081,1693932518.845924,465.11784291267395,465.11784291267395,10843621,5693,10849314,file:unsupported_present;file:timestamp_duplicate;file:timestamp_reversal,,phase1b2_v1
data/raw/WiFI_and_MQTT/attacks/pcap/train/TCP_IP-DDoS-UDP3_train.pcap,TCP_IP-DDoS-UDP3_train.pcap,attacks,train,ATTACK,DDoS,DDoS_UDP,,,,DDoS_UDP_3,1576000001,1576000001,True,,1,20651397,1245577625,42,1514,60.31444870291342,20651397,0,0,0,0,20650817,34,516,30,13258,20482269,155302,12,10,0,1693932518.845925,1693932857.131982,1693932518.845925,1693932857.131982,338.28605699539185,338.28605699539185,11215663,2669,11218332,file:timestamp_duplicate;file:timestamp_reversal,,phase1b2_v1
data/raw/WiFI_and_MQTT/attacks/pcap/train/TCP_IP-DDoS-UDP4_train.pcap,TCP_IP-DDoS-UDP4_train.pcap,attacks,train,ATTACK,DDoS,DDoS_UDP,,,,DDoS_UDP_4,1576000023,1576000023,True,,1,20626463,1245976591,42,1514,60.40670138161836,20626460,0,3,0,0,20625753,49,630,28,16795,20456444,152562,1,0,0,1693932857.131983,1693933406.814806,1693932857.131983,1693933406.814806,549.6828229427338,549.6828229427338,10568550,4878,10573428,file:unsupported_present;file:timestamp_duplicate;file:timestamp_reversal,,phase1b2_v1
data/raw/WiFI_and_MQTT/attacks/pcap/train/TCP_IP-DDoS-UDP5_train.pcap,TCP_IP-DDoS-UDP5_train.pcap,attacks,train,ATTACK,DDoS,DDoS_UDP,,,,DDoS_UDP_5,1576000022,1576000022,True,,1,20543021,1247311662,42,1514,60.717051401544104,20543019,0,2,0,0,20538120,66,4830,3,25614,20460202,52368,2,0,0,1693933406.814806,1693934814.469085,1693933406.814806,1693934814.469085,1407.6542789936066,1407.6542789936066,10586342,7930,10594272,file:unsupported_present;file:timestamp_duplicate;file:timestamp_reversal,,phase1b2_v1
data/raw/WiFI_and_MQTT/attacks/pcap/train/TCP_IP-DDoS-UDP6_train.pcap,TCP_IP-DDoS-UDP6_train.pcap,attacks,train,ATTACK,DDoS,DDoS_UDP,,,,DDoS_UDP_6,1576000006,1576000006,True,,1,20216876,1252529966,42,1514,61.954674203868095,20216873,0,3,0,0,20216421,38,413,1,29009,20186026,1424,0,0,0,1693934814.469085,1693935170.419258,1693934814.469085,1693935170.419258,355.95017313957214,355.95017313957214,10812359,6057,10818416,file:unsupported_present;file:timestamp_duplicate;file:timestamp_reversal,,phase1b2_v1
data/raw/WiFI_and_MQTT/attacks/pcap/train/TCP_IP-DDoS-UDP7_train.pcap,TCP_IP-DDoS-UDP7_train.pcap,attacks,train,ATTACK,DDoS,DDoS_UDP,,,,DDoS_UDP_7,1576000030,1576000030,True,,1,19760583,1259830678,42,1514,63.754732236392016,19760579,0,4,0,0,19755488,231,4789,71,92676,19661833,1146,50,14,0,1693935170.419282,1693937023.368803,1693935170.419282,1693937023.368803,1852.9495210647583,1852.9495210647583,10368786,4670,10373456,file:unsupported_present;file:timestamp_duplicate;file:timestamp_reversal,,phase1b2_v1
data/raw/WiFI_and_MQTT/attacks/pcap/train/TCP_IP-DDoS-UDP8_train.pcap,TCP_IP-DDoS-UDP8_train.pcap,attacks,train,ATTACK,DDoS,DDoS_UDP,,,,DDoS_UDP_8,1576000061,1576000061,True,,1,20402619,1249558133,42,1514,61.24498688134107,20402618,0,1,0,0,20402120,34,457,7,35661,20365164,1313,16,0,0,1693937023.368803,1693937349.443722,1693937023.368803,1693937349.443722,326.0749189853668,326.0749189853668,10912679,4045,10916724,file:unsupported_present;file:timestamp_duplicate;file:timestamp_reversal,,phase1b2_v1
data/raw/WiFI_and_MQTT/attacks/pcap/train/TCP_IP-DoS-ICMP1_train.pcap,TCP_IP-DoS-ICMP1_train.pcap,attacks,train,ATTACK,DoS,DoS_ICMP,,,,DoS_ICMP_1,839000042,839000042,True,,1,10446280,671859538,42,1514,64.31567390496905,10446277,0,3,0,0,10445927,57,285,8,10235,85626,10350100,18,5,0,1693586113.070542,1693586509.312561,1693586113.070542,1693586509.312561,396.2420189380646,396.2420189380646,5425293,704,5425997,file:unsupported_present;file:timestamp_duplicate;file:timestamp_reversal,,phase1b2_v1
data/raw/WiFI_and_MQTT/attacks/pcap/train/TCP_IP-DoS-ICMP2_train.pcap,TCP_IP-DoS-ICMP2_train.pcap,attacks,train,ATTACK,DoS,DoS_ICMP,,,,DoS_ICMP_2,839000014,839000014,True,,1,9693860,683898230,42,1514,70.54962935301315,9693852,0,8,0,0,9691682,244,1796,130,144719,25339,9521854,9,5,0,1693586509.312561,1693590541.416607,1693586509.312561,1693590541.416607,4032.10404586792,4032.10404586792,4845726,232,4845958,file:unsupported_present;file:timestamp_duplicate;file:timestamp_reversal,,phase1b2_v1
data/raw/WiFI_and_MQTT/attacks/pcap/train/TCP_IP-DoS-ICMP3_train.pcap,TCP_IP-DoS-ICMP3_train.pcap,attacks,train,ATTACK,DoS,DoS_ICMP,,,,DoS_ICMP_3,839000053,839000053,True,,1,10863247,665188077,42,1514,61.23289629702795,10863245,0,2,0,0,10862906,54,283,2,26341,520,10836096,3,0,0,1693590541.416608,1693591021.151103,1693590541.416608,1693591021.151103,479.7344949245453,479.7344949245453,5411566,32,5411598,file:unsupported_present;file:timestamp_duplicate;file:timestamp_reversal,,phase1b2_v1
data/raw/WiFI_and_MQTT/attacks/pcap/train/TCP_IP-DoS-ICMP4_train.pcap,TCP_IP-DoS-ICMP4_train.pcap,attacks,train,ATTACK,DoS,DoS_ICMP,,,,DoS_ICMP_4,839000003,839000003,True,,1,10607586,669278603,42,1514,63.09433673222164,10607583,0,3,0,0,10606697,74,803,9,41041,25310,10540401,10,9,0,1693585020.358642,1693586113.070514,1693585020.358642,1693586113.070514,1092.7118718624115,1092.7118718624115,4550530,285,4550815,file:unsupported_present;file:timestamp_duplicate;file:timestamp_reversal,,phase1b2_v1
data/raw/WiFI_and_MQTT/attacks/pcap/train/TCP_IP-DoS-SYN1_train.pcap,TCP_IP-DoS-SYN1_train.pcap,attacks,train,ATTACK,DoS,DoS_SYN,,,,DoS_SYN_1,901000069,901000069,True,,1,11138638,722781837,42,1514,64.88960652101271,11138638,0,0,0,0,11138258,53,327,0,11059182,79101,0,14,14,0,1693492107.120031,1693492572.037413,1693492107.120031,1693492572.037413,464.91738176345825,464.91738176345825,5288448,45205,5333653,file:timestamp_duplicate;file:timestamp_reversal,,phase1b2_v1
data/raw/WiFI_and_MQTT/attacks/pcap/train/TCP_IP-DoS-SYN2_train.pcap,TCP_IP-DoS-SYN2_train.pcap,attacks,train,ATTACK,DoS,DoS_SYN,,,,DoS_SYN_2,901000021,901000021,True,,1,11160843,722426509,42,1514,64.72866870360957,11160841,0,2,0,0,11160259,96,484,2,11136883,23408,0,34,30,0,1693492572.037444,1693493339.40792,1693492572.037444,1693493339.40792,767.370475769043,767.370475769043,3196730,21529,3218259,file:unsupported_present;file:timestamp_duplicate;file:timestamp_reversal,,phase1b2_v1
data/raw/WiFI_and_MQTT/attacks/pcap/train/TCP_IP-DoS-SYN3_train.pcap,TCP_IP-DoS-SYN3_train.pcap,attacks,train,ATTACK,DoS,DoS_SYN,,,,DoS_SYN_3,901000027,901000027,True,,1,10813744,727980099,42,1514,67.31989392388057,10813740,0,4,0,0,10812510,133,1086,11,10809237,3282,98,16,10,0,1693493339.40792,1693494698.199673,1693493339.40792,1693494698.199673,1358.7917530536652,1358.7917530536652,3797377,41544,3838921,file:unsupported_present;file:timestamp_duplicate;file:timestamp_reversal,,phase1b2_v1
data/raw/WiFI_and_MQTT/attacks/pcap/train/TCP_IP-DoS-SYN4_train.pcap,TCP_IP-DoS-SYN4_train.pcap,attacks,train,ATTACK,DoS,DoS_SYN,,,,DoS_SYN_4,901000009,901000009,True,,1,11059982,724040273,42,1514,65.4648690205825,11059979,0,3,0,0,11058250,166,1540,23,11039653,18315,411,27,10,0,1693490280.512922,1693492107.120031,1693490280.512922,1693492107.120031,1826.6071090698242,1826.6071090698242,2863203,20614,2883817,file:unsupported_present;file:timestamp_duplicate;file:timestamp_reversal,,phase1b2_v1
data/raw/WiFI_and_MQTT/attacks/pcap/train/TCP_IP-DoS-TCP1_train.pcap,TCP_IP-DoS-TCP1_train.pcap,attacks,train,ATTACK,DoS,DoS_TCP,,,,DoS_TCP_1,757000067,757000067,True,,1,9537689,604397019,42,1514,63.36933601001249,9537688,0,1,0,0,9536618,118,939,13,9535079,1613,15,19,10,0,1693411680.431924,1693415111.172845,1693411680.431924,1693415111.172845,3430.7409207820892,3430.7409207820892,2564701,16515,2581216,file:unsupported_present;file:timestamp_duplicate;file:timestamp_reversal,,phase1b2_v1
data/raw/WiFI_and_MQTT/attacks/pcap/train/TCP_IP-DoS-TCP2_train.pcap,TCP_IP-DoS-TCP2_train.pcap,attacks,train,ATTACK,DoS,DoS_TCP,,,,DoS_TCP_2,757000002,757000002,True,,1,9548514,604223754,42,1514,63.279349435943644,9548510,0,4,0,0,9547894,88,526,2,9507171,40746,60,5,0,0,1693415111.172846,1693417771.353283,1693415111.172846,1693417771.353283,2660.180436849594,2660.180436849594,3664229,16888,3681117,file:unsupported_present;file:timestamp_duplicate;file:timestamp_reversal,,phase1b2_v1
data/raw/WiFI_and_MQTT/attacks/pcap/train/TCP_IP-DoS-TCP3_train.pcap,TCP_IP-DoS-TCP3_train.pcap,attacks,train,ATTACK,DoS,DoS_TCP,,,,DoS_TCP_3,757000013,757000013,True,,1,9592792,603515317,42,1514,62.91341634427182,9592789,0,3,0,0,9592470,43,276,0,9589749,2427,335,2,0,0,1693417771.353283,1693418292.871239,1693417771.353283,1693418292.871239,521.5179560184479,521.5179560184479,2068082,19363,2087445,file:unsupported_present;file:timestamp_duplicate;file:timestamp_reversal,,phase1b2_v1
data/raw/WiFI_and_MQTT/attacks/pcap/train/TCP_IP-DoS-TCP4_train.pcap,TCP_IP-DoS-TCP4_train.pcap,attacks,train,ATTACK,DoS,DoS_TCP,,,,DoS_TCP_4,757000028,757000028,True,,1,9345102,607478372,42,1514,65.00500176456073,9345099,0,3,0,0,9343899,92,1099,9,9339926,3968,76,11,10,0,1693418292.871305,1693419578.769854,1693418292.871305,1693419578.769854,1285.898549079895,1285.898549079895,3257820,12260,3270080,file:unsupported_present;file:timestamp_duplicate;file:timestamp_reversal,,phase1b2_v1
data/raw/WiFI_and_MQTT/attacks/pcap/train/TCP_IP-DoS-UDP1_train.pcap,TCP_IP-DoS-UDP1_train.pcap,attacks,train,ATTACK,DoS,DoS_UDP,,,,DoS_UDP_1,1146000031,1146000031,True,,1,13695288,926875399,42,1514,67.67841603623086,13695285,0,3,0,0,13693987,115,1113,70,125173,13565939,2970,20,0,0,1693505156.317484,1693506531.135878,1693505156.317484,1693506531.135878,1374.8183941841125,1374.8183941841125,6269909,66,6269975,file:unsupported_present;file:timestamp_duplicate;file:timestamp_reversal,,phase1b2_v1
data/raw/WiFI_and_MQTT/attacks/pcap/train/TCP_IP-DoS-UDP2_train.pcap,TCP_IP-DoS-UDP2_train.pcap,attacks,train,ATTACK,DoS,DoS_UDP,,,,DoS_UDP_2,1146000038,1146000038,True,,1,14043139,921309790,42,1514,65.60568758879336,14043134,0,5,0,0,14041830,137,1155,12,108691,13932546,705,18,7,0,1693506531.135878,1693577128.773335,1693506531.135878,1693577128.773335,70597.63745689392,70597.63745689392,6845979,24,6846003,file:unsupported_present;file:timestamp_duplicate;file:timestamp_reversal,,phase1b2_v1
data/raw/WiFI_and_MQTT/attacks/pcap/train/TCP_IP-DoS-UDP3_train.pcap,TCP_IP-DoS-UDP3_train.pcap,attacks,train,ATTACK,DoS,DoS_UDP,,,,DoS_UDP_3,1146000043,1146000043,True,,1,14608427,912265187,42,1514,62.447872519060404,14608426,0,1,0,0,14607766,69,590,1,53460,14553740,617,13,5,0,1693577128.773335,1693577745.89509,1693577128.773335,1693577745.89509,617.1217551231384,617.1217551231384,7500209,24,7500233,file:unsupported_present;file:timestamp_duplicate;file:timestamp_reversal,,phase1b2_v1
data/raw/WiFI_and_MQTT/attacks/pcap/train/TCP_IP-DoS-UDP4_train.pcap,TCP_IP-DoS-UDP4_train.pcap,attacks,train,ATTACK,DoS,DoS_UDP,,,,DoS_UDP_4,1146000076,1146000076,True,,1,14324896,916801716,42,1514,64.00058443705281,14324890,0,6,0,0,14322492,218,2130,50,77763,13884774,360120,42,11,0,1693501380.335661,1693505156.317484,1693501380.335661,1693505156.317484,3775.9818229675293,3775.9818229675293,6230927,104,6231031,file:unsupported_present;file:timestamp_duplicate;file:timestamp_reversal,,phase1b2_v1
data/raw/WiFI_and_MQTT/profiling/PCAP/Active/Active.pcap,Active.pcap,profiling,train,BENIGN,,,active,standard,,Active,406062940,406062940,True,,1,1040643,389412628,54,8754,374.2038604977884,1040472,0,171,0,0,1021613,1417,17339,103,609211,405780,7855,169,15,0,1699286928.099553,1700854154.988479,1699286928.099553,1700854154.988479,1567226.8889257908,1567226.8889257908,89566,1,89567,file:unsupported_present;file:timestamp_duplicate;file:timestamp_reversal,,phase1b2_v1
data/raw/WiFI_and_MQTT/profiling/PCAP/Broker/ActiveBroker.pcap,ActiveBroker.pcap,profiling,train,BENIGN,,,active,active_broker,,ActiveBroker,189852749,189852749,True,,1,1981055,158155845,42,718,79.83415150008454,1980946,0,109,0,0,1929478,5378,46090,0,1921550,13276,0,30,0,0,1699286919.982064,1700854111.11438,1699286919.982064,1700854111.11438,1567191.132315874,1567191.132315874,673645,401,674046,file:unsupported_present;file:timestamp_duplicate;file:timestamp_reversal,,phase1b2_v1
data/raw/WiFI_and_MQTT/profiling/PCAP/Idle/Idle.pcap,Idle.pcap,profiling,train,BENIGN,,,idle,,,Idle,73715235,73715235,True,,1,328923,68452443,54,2962,208.11084357129175,328725,0,198,0,0,314681,1842,12184,18,196486,112957,6952,116,12,0,1698872400.205632,1699005599.764645,1698872400.205632,1699005599.764645,133199.55901312828,133199.55901312828,20322,1,20323,file:unsupported_present;file:timestamp_duplicate;file:timestamp_reversal,,phase1b2_v1
data/raw/WiFI_and_MQTT/profiling/PCAP/Interactions/Blink_Camera/Blink_Camera_LAN_MIC.pcap,Blink_Camera_LAN_MIC.pcap,profiling,train,BENIGN,,,interaction,,Blink_Camera,Blink_Camera_LAN_MIC,16322063,16322063,True,,1,21455,15978759,60,2974,744.7568865066418,21455,0,0,0,0,21455,0,0,0,21455,0,0,0,0,0,1701097889.535907,1701098238.904123,1701097889.535907,1701098238.904123,349.36821603775024,349.36821603775024,1186,0,1186,file:timestamp_duplicate,,phase1b2_v1
data/raw/WiFI_and_MQTT/profiling/PCAP/Interactions/Blink_Camera/Blink_Camera_LAN_WATCH.pcap,Blink_Camera_LAN_WATCH.pcap,profiling,train,BENIGN,,,interaction,,Blink_Camera,Blink_Camera_LAN_WATCH,13989031,13989031,True,,1,18821,13687871,60,1451,727.2658732267148,18821,0,0,0,0,18821,0,0,0,18821,0,0,0,0,0,1701096470.826135,1701096834.175194,1701096470.826135,1701096834.175194,363.34905910491943,363.34905910491943,1331,0,1331,file:timestamp_duplicate,,phase1b2_v1
data/raw/WiFI_and_MQTT/profiling/PCAP/Interactions/Blink_Camera/Blink_Camera_WAN_MIC.pcap,Blink_Camera_WAN_MIC.pcap,profiling,train,BENIGN,,,interaction,,Blink_Camera,Blink_Camera_WAN_MIC,16346146,16346146,True,,1,22173,15991354,60,2974,721.2084066206647,22173,0,0,0,0,22173,0,0,0,22173,0,0,0,0,0,1701097506.84481,1701097831.839027,1701097506.84481,1701097831.839027,324.9942169189453,324.9942169189453,1714,0,1714,file:timestamp_duplicate,,phase1b2_v1
data/raw/WiFI_and_MQTT/profiling/PCAP/Interactions/Blink_Camera/Blink_Camera_WAN_WATCH.pcap,Blink_Camera_WAN_WATCH.pcap,profiling,train,BENIGN,,,interaction,,Blink_Camera,Blink_Camera_WAN_WATCH,11186820,11186820,True,,1,15857,10933084,60,1451,689.4799772970928,15857,0,0,0,0,15857,0,0,0,15857,0,0,0,0,0,1701097105.152293,1701097472.0746,1701097105.152293,1701097472.0746,366.92230701446533,366.92230701446533,1810,0,1810,file:timestamp_duplicate,,phase1b2_v1
data/raw/WiFI_and_MQTT/profiling/PCAP/Interactions/Ecobee_Camera/Ecobee_Camera_LAN_MIC.pcap,Ecobee_Camera_LAN_MIC.pcap,profiling,train,BENIGN,,,interaction,,Ecobee_Camera,Ecobee_Camera_LAN_MIC,15712140,15712140,True,,1,38731,15092420,60,2962,389.6728718597506,38731,0,0,0,0,38707,2,22,0,1032,37617,58,2,0,0,1701176125.716126,1701176474.163836,1701176125.716126,1701176474.163836,348.44771003723145,348.44771003723145,997,0,997,file:timestamp_duplicate,,phase1b2_v1
data/raw/WiFI_and_MQTT/profiling/PCAP/Interactions/Ecobee_Camera/Ecobee_Camera_LAN_WATCH.pcap,Ecobee_Camera_LAN_WATCH.pcap,profiling,train,BENIGN,,,interaction,,Ecobee_Camera,Ecobee_Camera_LAN_WATCH,11744319,11744319,True,,1,36647,11157943,60,5778,304.4708434523972,36647,0,0,0,0,36629,0,18,0,1364,35215,50,0,0,0,1701094819.549751,1701095934.659873,1701094819.549751,1701095934.659873,1115.1101219654083,1115.1101219654083,638,0,638,file:timestamp_duplicate,,phase1b2_v1
data/raw/WiFI_and_MQTT/profiling/PCAP/Interactions/Ecobee_Camera/Ecobee_Camera_WAN_MIC.pcap,Ecobee_Camera_WAN_MIC.pcap,profiling,train,BENIGN,,,interaction,,Ecobee_Camera,Ecobee_Camera_WAN_MIC,14783351,14783351,True,,1,35853,14209679,60,2962,396.3316598332078,35853,0,0,0,0,35853,0,0,0,1274,34545,34,0,0,0,1701176570.08818,1701176929.8315,1701176570.08818,1701176929.8315,359.74331998825073,359.74331998825073,1773,0,1773,file:timestamp_duplicate,,phase1b2_v1
data/raw/WiFI_and_MQTT/profiling/PCAP/Interactions/Ecobee_Camera/Ecobee_Camera_WAN_WATCH.pcap,Ecobee_Camera_WAN_WATCH.pcap,profiling,train,BENIGN,,,interaction,,Ecobee_Camera,Ecobee_Camera_WAN_WATCH,10812301,10812301,True,,1,33376,10278261,60,2962,307.95364932885906,33376,0,0,0,0,33376,0,0,0,1030,32291,55,0,0,0,1701095997.008527,1701096384.399189,1701095997.008527,1701096384.399189,387.39066195487976,387.39066195487976,1781,0,1781,file:timestamp_duplicate,,phase1b2_v1
data/raw/WiFI_and_MQTT/profiling/PCAP/Interactions/M1T_Camera/M1T_Camera_LAN_MIC.pcap,M1T_Camera_LAN_MIC.pcap,profiling,train,BENIGN,,,interaction,,M1T_Camera,M1T_Camera_LAN_MIC,7351612,7351612,True,,1,16106,7093892,60,1308,440.45026698124923,16106,0,0,0,0,16094,0,12,0,151,15926,17,0,0,0,1701099387.003639,1701099860.645662,1701099387.003639,1701099860.645662,473.64202308654785,473.64202308654785,318,0,318,file:timestamp_duplicate,,phase1b2_v1
data/raw/WiFI_and_MQTT/profiling/PCAP/Interactions/M1T_Camera/M1T_Camera_LAN_PHOTO.pcap,M1T_Camera_LAN_PHOTO.pcap,profiling,train,BENIGN,,,interaction,,M1T_Camera,M1T_Camera_LAN_PHOTO,971116,971116,True,,1,1439,948068,60,1242,658.8380820013898,1439,0,0,0,0,1439,0,0,0,20,1419,0,0,0,0,1701098711.521506,1701098977.982556,1701098711.521506,1701098977.982556,266.46105003356934,266.46105003356934,0,0,0,,,phase1b2_v1
data/raw/WiFI_and_MQTT/profiling/PCAP/Interactions/M1T_Camera/M1T_Camera_LAN_PRECORDING.pcap,M1T_Camera_LAN_PRECORDING.pcap,profiling,train,BENIGN,,,interaction,,M1T_Camera,M1T_Camera_LAN_PRECORDING,4589034,4589034,True,,1,8484,4453266,60,1242,524.9016973125885,8484,0,0,0,0,8476,0,8,0,95,8365,16,0,0,0,1701099001.653523,1701099357.386214,1701099001.653523,1701099357.386214,355.7326910495758,355.7326910495758,12,0,12,file:timestamp_duplicate,,phase1b2_v1
data/raw/WiFI_and_MQTT/profiling/PCAP/Interactions/M1T_Camera/M1T_Camera_LAN_WATCH.pcap,M1T_Camera_LAN_WATCH.pcap,profiling,train,BENIGN,,,interaction,,M1T_Camera,M1T_Camera_LAN_WATCH,3927885,3927885,True,,1,11865,3738021,60,1474,315.04601769911505,11865,0,0,0,0,11849,0,16,0,251,11570,28,0,0,0,1701104510.235652,1701104788.493218,1701104510.235652,1701104788.493218,278.2575659751892,278.2575659751892,330,0,330,file:timestamp_duplicate,,phase1b2_v1
data/raw/WiFI_and_MQTT/profiling/PCAP/Interactions/M1T_Camera/M1T_Camera_WAN_MIC.pcap,M1T_Camera_WAN_MIC.pcap,profiling,train,BENIGN,,,interaction,,M1T_Camera,M1T_Camera_WAN_MIC,7757592,7757592,True,,1,17354,7479904,60,1300,431.01901578886714,17354,0,0,0,0,17354,0,0,0,200,17106,48,0,0,0,1701100887.685036,1701101214.900508,1701100887.685036,1701101214.900508,327.21547198295593,327.21547198295593,981,0,981,file:timestamp_duplicate,,phase1b2_v1
data/raw/WiFI_and_MQTT/profiling/PCAP/Interactions/M1T_Camera/M1T_Camera_WAN_PHOTO.pcap,M1T_Camera_WAN_PHOTO.pcap,profiling,train,BENIGN,,,interaction,,M1T_Camera,M1T_Camera_WAN_PHOTO,1512190,1512190,True,,1,5769,1419862,62,1308,246.11925810365747,5769,0,0,0,0,5769,0,0,0,111,5624,34,0,0,0,1701100306.784698,1701100467.228857,1701100306.784698,1701100467.228857,160.4441590309143,160.4441590309143,518,0,518,file:timestamp_duplicate,,phase1b2_v1
data/raw/WiFI_and_MQTT/profiling/PCAP/Interactions/M1T_Camera/M1T_Camera_WAN_RECORDING.pcap,M1T_Camera_WAN_RECORDING.pcap,profiling,train,BENIGN,,,interaction,,M1T_Camera,M1T_Camera_WAN_RECORDING,6376820,6376820,True,,1,16442,6113724,62,1308,371.8357864006812,16442,0,0,0,0,16442,0,0,0,207,16155,80,0,0,0,1701100494.93648,1701100861.14548,1701100494.93648,1701100861.14548,366.20899987220764,366.20899987220764,2933,0,2933,file:timestamp_duplicate,,phase1b2_v1
data/raw/WiFI_and_MQTT/profiling/PCAP/Interactions/M1T_Camera/M1T_Camera_WAN_WATCH.pcap,M1T_Camera_WAN_WATCH.pcap,profiling,train,BENIGN,,,interaction,,M1T_Camera,M1T_Camera_WAN_WATCH,6000664,6000664,True,,1,15752,5748608,62,1300,364.9446419502285,15752,0,0,0,0,15752,0,0,0,212,15499,41,0,0,0,1701099896.673056,1701100283.562687,1701099896.673056,1701100283.562687,386.8896310329437,386.8896310329437,621,0,621,file:timestamp_duplicate,,phase1b2_v1
data/raw/WiFI_and_MQTT/profiling/PCAP/Interactions/Multifunctional_Pager/Multifunctional_Pager_LAN_APP.pcap,Multifunctional_Pager_LAN_APP.pcap,profiling,test,BENIGN,,,interaction,,Multifunctional_Pager,Multifunctional_Pager_LAN_APP,64467,64467,True,,1,434,57499,60,402,132.48617511520737,434,0,0,0,0,430,0,4,0,380,50,0,0,0,0,1701178875.649799,1701179384.193775,1701178875.649799,1701179384.193775,508.5439758300781,508.5439758300781,5,0,5,file:timestamp_duplicate,,phase1b2_v1
data/raw/WiFI_and_MQTT/profiling/PCAP/Interactions/Multifunctional_Pager/Multifunctional_Pager_LAN_PHYSICAL.pcap,Multifunctional_Pager_LAN_PHYSICAL.pcap,profiling,test,BENIGN,,,interaction,,Multifunctional_Pager,Multifunctional_Pager_LAN_PHYSICAL,30087,30087,True,,1,202,26831,60,278,132.82673267326732,202,0,0,0,0,198,0,4,0,154,44,0,0,0,0,1701179414.818274,1701180024.843699,1701179414.818274,1701180024.843699,610.0254249572754,610.0254249572754,1,0,1,file:timestamp_duplicate,,phase1b2_v1
data/raw/WiFI_and_MQTT/profiling/PCAP/Interactions/Multifunctional_Pager/Multifunctional_Pager_WAN_APP.pcap,Multifunctional_Pager_WAN_APP.pcap,profiling,test,BENIGN,,,interaction,,Multifunctional_Pager,Multifunctional_Pager_WAN_APP,36499,36499,True,,1,202,33243,60,1119,164.56930693069307,202,0,0,0,0,200,0,2,0,170,30,0,0,0,0,1701178280.712882,1701178568.28485,1701178280.712882,1701178568.28485,287.5719678401947,287.5719678401947,2,0,2,file:timestamp_duplicate,,phase1b2_v1
data/raw/WiFI_and_MQTT/profiling/PCAP/Interactions/Multifunctional_Pager/Multifunctional_Pager_WAN_PHYSICAL.pcap,Multifunctional_Pager_WAN_PHYSICAL.pcap,profiling,test,BENIGN,,,interaction,,Multifunctional_Pager,Multifunctional_Pager_WAN_PHYSICAL,17045,17045,True,,1,91,15565,60,267,171.04395604395606,91,0,0,0,0,89,0,2,0,51,38,0,0,0,0,1701177847.660363,1701178243.016731,1701177847.660363,1701178243.016731,395.35636806488037,395.35636806488037,2,0,2,file:timestamp_duplicate,,phase1b2_v1
data/raw/WiFI_and_MQTT/profiling/PCAP/Interactions/Owltron_Camera/Owltron_Camera_LAN_MIC.pcap,Owltron_Camera_LAN_MIC.pcap,profiling,train,BENIGN,,,interaction,,Owltron_Camera,Owltron_Camera_LAN_MIC,29541025,29541025,True,,1,38911,28918425,60,2498,743.194083935134,38911,0,0,0,0,38911,0,0,0,1170,37671,70,0,0,0,1701102180.370342,1701102493.200269,1701102180.370342,1701102493.200269,312.82992696762085,312.82992696762085,1485,0,1485,file:timestamp_duplicate,,phase1b2_v1
data/raw/WiFI_and_MQTT/profiling/PCAP/Interactions/Owltron_Camera/Owltron_Camera_LAN_PHOTO.pcap,Owltron_Camera_LAN_PHOTO.pcap,profiling,train,BENIGN,,,interaction,,Owltron_Camera,Owltron_Camera_LAN_PHOTO,6526724,6526724,True,,1,8810,6385740,66,1607,724.8286038592508,8810,0,0,0,0,8810,0,0,0,571,8162,77,0,0,0,1701101670.416118,1701101814.525754,1701101670.416118,1701101814.525754,144.10963606834412,144.10963606834412,397,0,397,file:timestamp_duplicate,,phase1b2_v1
data/raw/WiFI_and_MQTT/profiling/PCAP/Interactions/Owltron_Camera/Owltron_Camera_LAN_RECORDING.pcap,Owltron_Camera_LAN_RECORDING.pcap,profiling,train,BENIGN,,,interaction,,Owltron_Camera,Owltron_Camera_LAN_RECORDING,28517721,28517721,True,,1,36662,27931105,60,2498,761.8543723746659,36662,0,0,0,0,36662,0,0,0,1190,35395,77,0,0,0,1701101839.478613,1701102158.634925,1701101839.478613,1701102158.634925,319.15631198883057,319.15631198883057,1244,0,1244,file:timestamp_duplicate,,phase1b2_v1
data/raw/WiFI_and_MQTT/profiling/PCAP/Interactions/Owltron_Camera/Owltron_Camera_LAN_WATCH.pcap,Owltron_Camera_LAN_WATCH.pcap,profiling,train,BENIGN,,,interaction,,Owltron_Camera,Owltron_Camera_LAN_WATCH,22179270,22179270,True,,1,30605,21689566,60,2498,708.6935468060774,30605,0,0,0,0,30605,0,0,0,1864,28644,97,0,0,0,1701101343.533417,1701101655.336937,1701101343.533417,1701101655.336937,311.80351996421814,311.80351996421814,1020,0,1020,file:timestamp_duplicate,,phase1b2_v1
data/raw/WiFI_and_MQTT/profiling/PCAP/Interactions/Owltron_Camera/Owltron_Camera_WAN_MIC.pcap,Owltron_Camera_WAN_MIC.pcap,profiling,train,BENIGN,,,interaction,,Owltron_Camera,Owltron_Camera_WAN_MIC,28442798,28442798,True,,1,37326,27845558,60,2498,746.0096983336012,37326,0,0,0,0,37276,0,50,0,1023,36225,28,0,0,0,1701102518.727024,1701102803.407672,1701102518.727024,1701102803.407672,284.6806478500366,284.6806478500366,1895,0,1895,file:timestamp_duplicate,,phase1b2_v1
data/raw/WiFI_and_MQTT/profiling/PCAP/Interactions/Owltron_Camera/Owltron_Camera_WAN_PHOTO.pcap,Owltron_Camera_WAN_PHOTO.pcap,profiling,train,BENIGN,,,interaction,,Owltron_Camera,Owltron_Camera_WAN_PHOTO,4429983,4429983,True,,1,5695,4338839,60,1591,761.8681299385426,5695,0,0,0,0,5694,0,0,1,188,5469,37,0,0,0,1701103259.924824,1701103382.528615,1701103259.924824,1701103382.528615,122.60379099845886,122.60379099845886,253,0,253,file:timestamp_duplicate,,phase1b2_v1
data/raw/WiFI_and_MQTT/profiling/PCAP/Interactions/Owltron_Camera/Owltron_Camera_WAN_RECORDING.pcap,Owltron_Camera_WAN_RECORDING.pcap,profiling,train,BENIGN,,,interaction,,Owltron_Camera,Owltron_Camera_WAN_RECORDING,32364662,32364662,True,,1,40120,31722718,60,2498,790.6958624127617,40120,0,0,0,0,40120,0,0,0,1325,38731,64,0,0,0,1701103604.931815,1701104239.147707,1701103604.931815,1701104239.147707,634.2158920764923,634.2158920764923,1741,0,1741,file:timestamp_duplicate,,phase1b2_v1
data/raw/WiFI_and_MQTT/profiling/PCAP/Interactions/Owltron_Camera/Owltron_Camera_WAN_WATCH.pcap,Owltron_Camera_WAN_WATCH.pcap,profiling,train,BENIGN,,,interaction,,Owltron_Camera,Owltron_Camera_WAN_WATCH,26913944,26913944,True,,1,35040,26353280,60,2498,752.0913242009133,35040,0,0,0,0,35040,0,0,0,1248,33728,64,0,0,0,1701102944.257211,1701103235.778892,1701102944.257211,1701103235.778892,291.52168107032776,291.52168107032776,1556,0,1556,file:timestamp_duplicate,,phase1b2_v1
data/raw/WiFI_and_MQTT/profiling/PCAP/Interactions/SenseU/SenseU_LAN_EMERGENCY.pcap,SenseU_LAN_EMERGENCY.pcap,profiling,test,BENIGN,,,interaction,,SenseU,SenseU_LAN_EMERGENCY,36196,36196,True,,1,216,32716,60,1490,151.46296296296296,216,0,0,0,0,193,0,23,0,193,0,0,0,0,0,1701182299.956235,1701182837.827186,1701182299.956235,1701182837.827186,537.8709511756897,537.8709511756897,0,0,0,,,phase1b2_v1
data/raw/WiFI_and_MQTT/profiling/PCAP/Interactions/SenseU/SenseU_WAN_EMERGENCY.pcap,SenseU_WAN_EMERGENCY.pcap,profiling,test,BENIGN,,,interaction,,SenseU,SenseU_WAN_EMERGENCY,23374,23374,True,,1,157,20838,60,818,132.72611464968153,157,0,0,0,0,138,0,19,0,138,0,0,0,0,0,1701183051.629512,1701183808.845924,1701183051.629512,1701183808.845924,757.2164118289948,757.2164118289948,2,0,2,file:timestamp_duplicate,,phase1b2_v1
data/raw/WiFI_and_MQTT/profiling/PCAP/Interactions/Singcall/Singcall_LAN_PHYSICAL.pcap,Singcall_LAN_PHYSICAL.pcap,profiling,train,BENIGN,,,interaction,,Singcall,Singcall_LAN_PHYSICAL,62272,62272,True,,1,419,55544,60,725,132.56324582338902,419,0,0,0,0,389,0,27,3,377,12,0,0,0,0,1701177126.008265,1701177385.000555,1701177126.008265,1701177385.000555,258.992290019989,258.992290019989,24,0,24,file:timestamp_duplicate,,phase1b2_v1
data/raw/WiFI_and_MQTT/profiling/PCAP/Interactions/Singcall/Singcall_WAN_PHYSICAL.pcap,Singcall_WAN_PHYSICAL.pcap,profiling,train,BENIGN,,,interaction,,Singcall,Singcall_WAN_PHYSICAL,51650,51650,True,,1,334,46282,60,725,138.5688622754491,334,0,0,0,0,309,0,22,3,298,11,0,0,0,0,1701177462.732679,1701177697.679705,1701177462.732679,1701177697.679705,234.947026014328,234.947026014328,23,0,23,file:timestamp_duplicate,,phase1b2_v1
data/raw/WiFI_and_MQTT/profiling/PCAP/Power/Blink_Mini_Camera_Power.pcap,Blink_Mini_Camera_Power.pcap,profiling,train,BENIGN,,,power,,Blink_Camera,Blink_Camera_Power,93973,93973,True,,1,568,84861,60,2241,149.4031690140845,568,0,0,0,0,559,0,6,3,523,36,0,0,0,0,1698250880.852573,1698252818.918135,1698250880.852573,1698252818.918135,1938.0655620098114,1938.0655620098114,91,0,91,file:timestamp_duplicate,,phase1b2_v1
data/raw/WiFI_and_MQTT/profiling/PCAP/Power/Ecobee_Camera_Power.pcap,Ecobee_Camera_Power.pcap,profiling,train,BENIGN,,,power,,Ecobee_Camera,Ecobee_Camera_Power,1362348,1362348,True,,1,2651,1319908,60,2922,497.8906073179932,2651,0,0,0,0,2534,93,21,3,2338,241,0,42,6,0,1698248525.918281,1698250187.237351,1698248525.918281,1698250187.237351,1661.3190698623657,1661.3190698623657,987,0,987,file:timestamp_duplicate,,phase1b2_v1
data/raw/WiFI_and_MQTT/profiling/PCAP/Power/M1T_Camera_Power.pcap,M1T_Camera_Power.pcap,profiling,train,BENIGN,,,power,,M1T_Camera,M1T_Camera_Power,124866,124866,True,,1,413,118234,60,2962,286.2808716707022,413,0,0,0,0,404,0,6,3,314,72,12,0,6,0,1698253017.64791,1698254173.721728,1698253017.64791,1698254173.721728,1156.0738179683685,1156.0738179683685,30,0,30,file:timestamp_duplicate,,phase1b2_v1
data/raw/WiFI_and_MQTT/profiling/PCAP/Power/Multifunctional_Pager_Power.pcap,Multifunctional_Pager_Power.pcap,profiling,test,BENIGN,,,power,,Multifunctional_Pager,Multifunctional_Pager_Power,118002,118002,True,,1,720,106458,60,587,147.85833333333332,720,0,0,0,0,706,0,11,3,567,139,0,0,0,0,1698158876.433332,1698161006.76617,1698158876.433332,1698161006.76617,2130.3328380584717,2130.3328380584717,35,0,35,file:timestamp_duplicate,,phase1b2_v1
data/raw/WiFI_and_MQTT/profiling/PCAP/Power/Owltron_Camera_Power.pcap,Owltron_Camera_Power.pcap,profiling,train,BENIGN,,,power,,Owltron_Camera,Owltron_Camera_Power,270071,270071,True,,1,1207,250735,60,2962,207.73405136702567,1207,0,0,0,0,1190,0,14,3,1087,103,0,0,0,0,1698326115.015475,1698327808.393787,1698326115.015475,1698327808.393787,1693.3783118724823,1693.3783118724823,76,0,76,file:timestamp_duplicate,,phase1b2_v1
data/raw/WiFI_and_MQTT/profiling/PCAP/Power/SenseUBaby_Power.pcap,SenseUBaby_Power.pcap,profiling,test,BENIGN,,,power,,SenseU,SenseU_Power,43472,43472,True,,1,352,37816,60,672,107.43181818181819,352,0,0,0,0,295,0,35,22,268,27,0,0,0,0,1698329529.796184,1698330897.906844,1698329529.796184,1698330897.906844,1368.1106598377228,1368.1106598377228,14,0,14,file:timestamp_duplicate,,phase1b2_v1
data/raw/WiFI_and_MQTT/profiling/PCAP/Power/Singcall_Power.pcap,Singcall_Power.pcap,profiling,train,BENIGN,,,power,,Singcall,Singcall_Power,79525,79525,True,,1,506,71405,60,1147,141.11660079051384,506,0,0,0,0,463,0,39,4,455,8,0,0,0,0,1698156837.806389,1698158423.868574,1698156837.806389,1698158423.868574,1586.0621848106384,1586.0621848106384,54,0,54,file:timestamp_duplicate,,phase1b2_v1
