pcap_path,filename,source,split,binary_label,attack_family,attack_type,profiling_type,profiling_variant,device,capture_session,packet_count,total_frame_bytes,min_frame_length,max_frame_length,mean_frame_length,capture_order_duration,capture_timestamp_span,packets_per_second,bytes_per_second,tcp_count,udp_count,arp_count,llc_count,ipv4_count,ipv6_count,icmp_count,icmpv6_count,igmp_count,vlan_count,tcp_ratio,udp_ratio,arp_ratio,llc_ratio,ipv4_ratio,ipv6_ratio,icmp_ratio,icmpv6_ratio,igmp_ratio,vlan_ratio,tcp_syn_count,tcp_ack_count,tcp_fin_count,tcp_rst_count,tcp_psh_count,tcp_syn_ratio,tcp_ack_ratio,tcp_fin_ratio,tcp_rst_ratio,tcp_psh_ratio,unique_src_ips_count,unique_src_ips_capped,unique_dst_ips_count,unique_dst_ips_capped,unique_src_ports_count,unique_dst_ports_count,audit_strategy_version
data/raw/WiFI_and_MQTT/attacks/pcap/train/ARP_Spoofing_train.pcap,ARP_Spoofing_train.pcap,attacks,train,ATTACK,Spoofing,ARP_Spoofing,,,,ARP_Spoofing,160614,77430345,42,1514,482.08963726698795,6190.541867017746,6190.541867017746,25.9450632029042,12507.846108357164,83988,72080,4451,5,155977,172,63,18,0,0,0.5229183010198364,0.44877781513442166,0.02771240365098933,3.113053656592825e-05,0.9711295403887581,0.0010708904578679318,0.000392244760730696,0.0001120699316373417,0.0,0.0,322,83658,280,146,22892,0.0038338810306234226,0.9960708672667524,0.0033338095918464543,0.0017383435728913655,0.27256274705910366,122,False,362,False,782,444,phase1b2_v1
data/raw/WiFI_and_MQTT/attacks/pcap/train/Benign_train.pcap,Benign_train.pcap,attacks,train,BENIGN,,,,,,Benign,1935680,364029547,42,1514,188.06287557860804,79394.10720801353,79394.10720801353,24.380650756969843,4585.095289833515,1745614,149711,39000,55,1888141,8144,203,465,292,0,0.9018091833360886,0.07734284592494627,0.020147958340221525,2.841378740287651e-05,0.9754406720119028,0.004207306992891387,0.00010487270623243512,0.00024022565713341048,0.00015085138039345347,0.0,4162,1743141,3902,2254,801021,0.0023842613544575145,0.998583306504187,0.0022353166278455605,0.0012912362068590191,0.4588763609824394,288,False,215,False,4800,7333,phase1b2_v1
data/raw/WiFI_and_MQTT/attacks/pcap/train/MQTT-DDoS-Connect_Flood_train.pcap,MQTT-DDoS-Connect_Flood_train.pcap,attacks,train,ATTACK,MQTT,MQTT_DDoS_Connect_Flood,,,,MQTT_DDoS_Connect_Flood,17295946,1197264886,42,1514,69.22228399649259,535.5687708854675,535.5687708854675,32294.5379571035,2235501.6780021284,17295068,530,346,0,17295550,49,0,1,0,0,0.9999492366592726,3.064301889009135e-05,2.0004687803720015e-05,0.0,0.9999771044613576,2.8330338219141065e-06,0.0,5.781701677375727e-08,0.0,0.0,3490026,12414137,3428451,3249752,3450018,0.20179313547654162,0.7177848043153111,0.19823287193782643,0.1879005043518765,0.1994798748406193,57,False,54,False,14182,14175,phase1b2_v1
data/raw/WiFI_and_MQTT/attacks/pcap/train/MQTT-DDoS-Publish_Flood_train.pcap,MQTT-DDoS-Publish_Flood_train.pcap,attacks,train,ATTACK,MQTT,MQTT_DDoS_Publish_Flood,,,,MQTT_DDoS_Publish_Flood,2754292,1511931364,42,1514,548.9364831325074,526.0638999938965,526.0638999938965,5235.660534836084,2874045.0808685822,2753549,492,249,0,2754003,38,0,0,0,0,0.9997302392048483,0.00017863029773168568,9.040435799835311e-05,0.0,0.9998950728535682,1.3796649011796862e-05,0.0,0.0,0.0,0.0,135544,2005976,47878,686164,1016417,0.04922519991472823,0.7285056485284991,0.017387742146589728,0.2491925874571326,0.3691298030287458,58,False,53,False,14183,14179,phase1b2_v1
data/raw/WiFI_and_MQTT/attacks/pcap/train/MQTT-DoS-Connect_Flood_train.pcap,MQTT-DoS-Connect_Flood_train.pcap,attacks,train,ATTACK,MQTT,MQTT_DoS_Connect_Flood,,,,MQTT_DoS_Connect_Flood,1276947,89568843,42,1474,70.14296051441445,418.13955211639404,418.13955211639404,3053.87757158296,214208.01391939947,1276314,399,223,0,1276679,45,0,6,5,0,0.9995042863955983,0.00031246402552337723,0.00017463528243537123,0.0,0.9997901244139342,3.524030363045608e-05,0.0,4.698707150727477e-06,3.915589292272898e-06,0.0,294260,1035356,94055,192597,297399,0.230554550055864,0.8112079002502519,0.0736926806412842,0.1509009538405126,0.23301397618454392,47,False,48,False,14163,14158,phase1b2_v1
data/raw/WiFI_and_MQTT/attacks/pcap/train/MQTT-DoS-Publish_Flood_train.pcap,MQTT-DoS-Publish_Flood_train.pcap,attacks,train,ATTACK,MQTT,MQTT_DoS_Publish_Flood,,,,MQTT_DoS_Publish_Flood,4431579,1157094840,42,1514,261.1021579441549,540.2637422084808,540.2637422084808,8202.621523118814,2141722.1804854935,4430737,519,318,1,4431214,44,0,2,0,0,0.9998100000022565,0.00011711401286087871,7.175771886273493e-05,2.2565320397086457e-07,0.9999176365805507,9.928740974718041e-06,0.0,4.5130640794172914e-07,0.0,0.0,274,4430573,38,19,2297051,6.184072762612631e-05,0.9999629858418588,8.576451276616057e-06,4.2882256383080285e-06,0.5184354205632156,60,False,55,False,224,214,phase1b2_v1
data/raw/WiFI_and_MQTT/attacks/pcap/train/MQTT-Malformed_Data_train.pcap,MQTT-Malformed_Data_train.pcap,attacks,train,ATTACK,MQTT,MQTT_Malformed_Data,,,,MQTT_Malformed_Data,51332,33178687,42,1514,646.3548468791397,439.8516070842743,439.8516070842743,116.70299522212485,75431.54660713348,50546,495,289,0,50997,45,1,0,0,0,0.9846879139717915,0.009643107613184758,0.005630016364061404,0.0,0.9934738564638043,0.0008766461466531598,1.948102548118133e-05,0.0,0.0,0.0,1329,48752,1300,1130,8268,0.026292881731492107,0.9645075772563605,0.025719146915680766,0.02235587385747636,0.16357377438372966,64,False,61,False,775,764,phase1b2_v1
data/raw/WiFI_and_MQTT/attacks/pcap/train/Recon-OS_Scan_train.pcap,Recon-OS_Scan_train.pcap,attacks,train,ATTACK,Recon,OS_Scan,,,,OS_Scan,168400,11305597,42,1514,67.13537410926365,862.4178249835968,862.4178249835968,195.26498075709762,13109.187533565917,165678,1334,752,1,167553,91,620,7,5,0,0.9838361045130641,0.007921615201900238,0.0044655581947743465,5.938242280285035e-06,0.9949703087885986,0.0005403800475059382,0.003681710213776722,4.156769596199525e-05,2.9691211401425178e-05,0.0,72818,92342,386,70857,10993,0.43951520419126255,0.5573582491338621,0.0023298204951773924,0.4276789917792344,0.06635159767742246,60,False,59,False,1929,1836,phase1b2_v1
data/raw/WiFI_and_MQTT/attacks/pcap/train/Recon-Ping_Sweep_train.pcap,Recon-Ping_Sweep_train.pcap,attacks,train,ATTACK,Recon,Ping_Sweep,,,,Ping_Sweep,7406,525753,42,1474,70.99014312719417,90.63233709335327,90.63233709335327,81.71476359890907,5800.942763491391,1908,99,5269,0,2126,9,128,0,0,0,0.2576289495004051,0.013367539832568187,0.7114501755333513,0.0,0.28706454226302996,0.0012152308938698352,0.017283283823926545,0.0,0.0,0.0,4,1904,5,4,946,0.0020964360587002098,0.9979035639412998,0.002620545073375262,0.0020964360587002098,0.49580712788259956,44,False,278,False,64,62,phase1b2_v1
data/raw/WiFI_and_MQTT/attacks/pcap/train/Recon-Port_Scan_train.pcap,Recon-Port_Scan_train.pcap,attacks,train,ATTACK,Recon,Port_Scan,,,,Port_Scan,839912,67561430,42,1514,80.43870072102791,2610.8276541233063,2610.8276541233063,321.7033490025734,25877.399411370396,799221,39530,1112,1,838661,134,20,14,10,0,0.9515532579603577,0.04706445437141034,0.0013239482231471868,1.1906009200963911e-06,0.9985105582489594,0.0001595405232929164,2.381201840192782e-05,1.6668412881349475e-05,1.190600920096391e-05,0.0,385299,413957,116,382170,16564,0.4820931882420507,0.5179506044010355,0.00014514133137142292,0.478178125950144,0.02072518114514008,95,False,90,False,65535,65535,phase1b2_v1
data/raw/WiFI_and_MQTT/attacks/pcap/train/Recon-VulScan_train.pcap,Recon-VulScan_train.pcap,attacks,train,ATTACK,Recon,VulScan,,,,VulScan,21747,4652095,54,1514,213.91893134685245,319.966756105423,319.966756105423,67.96643584071208,14539.307322499539,14434,7218,55,1,21674,16,28,5,5,0,0.6637237320090127,0.33190784935853224,0.0025290844714213456,4.598335402584265e-05,0.9966432151561135,0.0007357336644134824,0.001287533912723594,0.00022991677012921323,0.00022991677012921323,0.0,6433,8057,126,6032,878,0.4456838021338506,0.55819592628516,0.008729388942774006,0.41790217541914926,0.06082859914091728,38,False,40,False,1139,1129,phase1b2_v1
data/raw/WiFI_and_MQTT/attacks/pcap/train/TCP_IP-DDoS-ICMP1_train.pcap,TCP_IP-DDoS-ICMP1_train.pcap,attacks,train,ATTACK,DDoS,DDoS_ICMP,,,,DDoS_ICMP_1,19486169,1183221347,42,1514,60.72108617142754,634.5620927810669,634.5620927810669,30708.057133698043,1864626.583372399,26987,633,1299,19,19484793,56,19457224,5,0,0,0.0013849310246667778,3.2484579190501735e-05,6.666266724875475e-05,9.750505602204312e-07,0.9999293858120598,2.8738332301233762e-06,0.99851458744918,2.5659225268958716e-07,0.0,0.0,110,26928,70,34,5759,0.004076036610219736,0.9978137621817912,0.0025938414792307405,0.0012598658613406455,0.2133990439841405,67,False,62,False,141,129,phase1b2_v1
data/raw/WiFI_and_MQTT/attacks/pcap/train/TCP_IP-DDoS-ICMP2_train.pcap,TCP_IP-DDoS-ICMP2_train.pcap,attacks,train,ATTACK,DDoS,DDoS_ICMP,,,,DDoS_ICMP_2,19475470,1183392487,42,1514,60.763231233957384,282.39929604530334,282.39929604530334,68964.30080645699,4190493.7567909397,22590,451,715,17,19474698,37,19451674,10,10,0,0.0011599206591676606,2.3157335869172862e-05,3.6712849548688684e-05,8.728929263324582e-07,0.999960360391816,1.8998257808412326e-06,0.9987781552897055,5.134664272543872e-07,5.134664272543872e-07,0.0,237,22364,24,7,3402,0.01049136786188579,0.9899955732625055,0.0010624169986719787,0.00030987162461266045,0.150597609561753,50,False,50,False,130,88,phase1b2_v1
data/raw/WiFI_and_MQTT/attacks/pcap/train/TCP_IP-DDoS-ICMP3_train.pcap,TCP_IP-DDoS-ICMP3_train.pcap,attacks,train,ATTACK,DDoS,DDoS_ICMP,,,,DDoS_ICMP_3,18963740,1191580179,42,1514,62.834661253529106,558.1150419712067,558.1150419712067,33978.19190291299,2135008.1782269436,39404,72425,476,1,18963223,39,18851431,2,0,0,0.0020778601689329214,0.003819130614530678,2.510053396640114e-05,5.273221421512845e-08,0.9999727374452507,2.0565563543900098e-06,0.9940776977537131,1.054644284302569e-07,0.0,0.0,33,39375,21,7,5173,0.0008374784285859303,0.9992640341082124,0.0005329408181910466,0.00017764693939701552,0.13128108821439446,59,False,53,False,112,101,phase1b2_v1
data/raw/WiFI_and_MQTT/attacks/pcap/train/TCP_IP-DDoS-ICMP4_train.pcap,TCP_IP-DDoS-ICMP4_train.pcap,attacks,train,ATTACK,DDoS,DDoS_ICMP,,,,DDoS_ICMP_4,19266601,1186734369,42,1514,61.59541939961283,535.2819931507111,535.2819931507111,35993.36657412162,2217026.509737027,28348,40851,629,20,19265903,46,19196749,1,0,0,0.0014713544957930048,0.0021203013442796684,3.2647170095026105e-05,1.0380658217814341e-06,0.9999637715028198,2.3875513900972985e-06,0.9963744513108461,5.1903291089071703e-08,0.0,0.0,28,28331,19,10,5703,0.0009877240016932412,0.9994003104275434,0.0006702412868632708,0.0003527585720333004,0.2011782136305912,57,False,55,False,140,130,phase1b2_v1
data/raw/WiFI_and_MQTT/attacks/pcap/train/TCP_IP-DDoS-ICMP5_train.pcap,TCP_IP-DDoS-ICMP5_train.pcap,attacks,train,ATTACK,DDoS,DDoS_ICMP,,,,DDoS_ICMP_5,19496250,1183060010,42,1514,60.68141360518048,388.46969294548035,388.46969294548035,50187.31281756952,3045437.086815512,22432,563,740,28,19495447,34,19472485,1,0,0,0.001150580239789703,2.8877348207988717e-05,3.795601718279156e-05,1.4361736231326537e-06,0.9999588125921651,1.7439251138039366e-06,0.9987810476373662,5.129191511188049e-08,0.0,0.0,32,22414,35,4,4350,0.0014265335235378032,0.99919757489301,0.001560271041369472,0.0001783166904422254,0.1939194008559201,57,False,54,False,104,99,phase1b2_v1
data/raw/WiFI_and_MQTT/attacks/pcap/train/TCP_IP-DDoS-ICMP6_train.pcap,TCP_IP-DDoS-ICMP6_train.pcap,attacks,train,ATTACK,DDoS,DDoS_ICMP,,,,DDoS_ICMP_6,19080009,1189719866,42,1514,62.35426125847215,654.2833302021027,654.2833302021027,29161.692067114633,1818355.7658919806,59583,2449,1408,16,19078528,56,19016552,0,0,0,0.003122797269120785,0.00012835423714946886,7.379451445751415e-05,8.385740279262971e-07,0.9999223794915401,2.93500909774204e-06,0.9966741629943675,0.0,0.0,0.0,36,59561,25,8,6378,0.0006041991843311012,0.999630767165131,0.00041958276689659803,0.00013426648540691138,0.10704395549066009,55,False,53,False,137,125,phase1b2_v1
data/raw/WiFI_and_MQTT/attacks/pcap/train/TCP_IP-DDoS-ICMP7_train.pcap,TCP_IP-DDoS-ICMP7_train.pcap,attacks,train,ATTACK,DDoS,DDoS_ICMP,,,,DDoS_ICMP_7,18594177,1197493150,42,1514,64.40151397934956,1339.1552639007568,1339.1552639007568,13885.0046004658,894215.3178802311,112952,3223,3657,13,18590430,73,18474324,4,0,0,0.006074589910594053,0.00017333383456552017,0.00019667447502516513,6.991436082382135e-07,0.9997984852999947,3.925960261645353e-06,0.9935542723939865,2.1512111022714262e-07,0.0,0.0,218,112766,185,109,14136,0.0019300233727601104,0.9983532828103974,0.0016378638713789929,0.0009650116863800552,0.12515050640980238,104,False,100,False,297,272,phase1b2_v1
data/raw/WiFI_and_MQTT/attacks/pcap/train/TCP_IP-DDoS-ICMP8_train.pcap,TCP_IP-DDoS-ICMP8_train.pcap,attacks,train,ATTACK,DDoS,DDoS_ICMP,,,,DDoS_ICMP_8,19326527,1185775616,42,1514,61.354821587965596,505.3886251449585,505.3886251449585,38240.92201215778,2346264.947415247,39330,831,1367,3,19325108,46,19284990,1,2,0,0.002035026779513981,4.2997896104147423e-05,7.073179780309209e-05,1.5522706174782464e-07,0.9999265775997933,2.3801482801333112e-06,0.9978507778453936,5.1742353915941544e-08,1.0348470783188309e-07,0.0,62,39289,60,20,5731,0.0015764047800661072,0.9989575387744725,0.0015255530129672007,0.0005085176709890668,0.1457157386219171,61,False,59,False,146,135,phase1b2_v1
data/raw/WiFI_and_MQTT/attacks/pcap/train/TCP_IP-DDoS-SYN1_train.pcap,TCP_IP-DDoS-SYN1_train.pcap,attacks,train,ATTACK,DDoS,DDoS_SYN,,,,DDoS_SYN_1,19931997,1237088035,42,1514,62.06543353383005,737.2762930393219,737.2762930393219,27034.6370664287,1677916.4699576488,19929870,698,1412,7,19930516,58,0,6,0,0,0.9998932871603382,3.5019070091170496e-05,7.084086958271166e-05,3.5119411266216827e-07,0.9999256973598782,2.9098940763436798e-06,0.0,3.010235251390014e-07,0.0,0.0,17356354,3268038,139,2514588,7570,0.8708714106012734,0.1639768849470669,6.974455929717554e-06,0.1261718214920619,0.00037983188048893444,71,False,71,False,65536,65536,phase1b2_v1
data/raw/WiFI_and_MQTT/attacks/pcap/train/TCP_IP-DDoS-SYN2_train.pcap,TCP_IP-DDoS-SYN2_train.pcap,attacks,train,ATTACK,DDoS,DDoS_SYN,,,,DDoS_SYN_2,20359731,1230244351,42,1514,60.42537354742064,1601.6550121307373,1601.6550121307373,12711.683131384669,768108.2016303643,20356510,2733,465,1,20359187,77,3,14,4,0,0.9998417955522104,0.0001342355652930778,2.2839201559195454e-05,4.911656249289345e-08,0.9999732805900039,3.7819753119527955e-06,1.4734968747868035e-07,6.876318749005082e-07,1.964662499715738e-07,0.0,16381670,4728175,103,3955840,6700,0.804738631523773,0.23226844876651254,5.059806420648726e-06,0.19432800612678697,0.00032913303901307246,110,False,110,False,65536,65536,phase1b2_v1
data/raw/WiFI_and_MQTT/attacks/pcap/train/TCP_IP-DDoS-SYN3_train.pcap,TCP_IP-DDoS-SYN3_train.pcap,attacks,train,ATTACK,DDoS,DDoS_SYN,,,,DDoS_SYN_3,20194641,1232885790,42,1514,61.050146422508824,384.9589509963989,384.9589509963989,52459.20622894909,3202642.221485929,20192544,1644,429,1,20194168,40,14,6,0,0,0.9998961605705197,8.140773584437575e-05,2.1243259536032358e-05,4.951808749657892e-08,0.9999765779446141,1.980723499863157e-06,6.932532249521049e-07,2.971085249794735e-07,0.0,0.0,14075051,7140103,129,6082720,7700,0.6970419873791039,0.3536009628108276,6.388496664907601e-06,0.3012359413454788,0.00038132887069603513,119,False,117,False,65536,65536,phase1b2_v1
data/raw/WiFI_and_MQTT/attacks/pcap/train/TCP_IP-DDoS-SYN4_train.pcap,TCP_IP-DDoS-SYN4_train.pcap,attacks,train,ATTACK,DDoS,DDoS_SYN,,,,DDoS_SYN_4,19679812,1241123044,42,1514,63.065797783027605,1205.520761013031,1205.520761013031,16324.739180321152,1029532.7000068016,19667125,10426,2081,18,19677577,132,131,22,5,0,0.9993553292074132,0.0005297814836849052,0.00010574288006409817,9.146428837836459e-07,0.9998864318419302,6.7073811477467365e-06,6.6565676542032e-06,1.1178968579577893e-06,2.540674677176794e-07,0.0,19581891,85620,186,1125,12757,0.9956661687969136,0.004353457864329433,9.457406712979146e-06,5.720205673172871e-05,0.0006486459002014783,106,False,97,False,65536,1084,phase1b2_v1
data/raw/WiFI_and_MQTT/attacks/pcap/train/TCP_IP-DDoS-TCP1_train.pcap,TCP_IP-DDoS-TCP1_train.pcap,attacks,train,ATTACK,DDoS,DDoS_TCP,,,,DDoS_TCP_1,20223622,1252422069,42,1514,61.92867276692573,360.4123418331146,360.4123418331146,56112.45690738401,3474969.9819656056,20164958,58343,308,0,20223263,50,0,7,5,0,0.9970992337574347,0.002884893714884505,1.522971503324182e-05,0.0,0.9999822484815034,2.4723563365652304e-06,0.0,3.461298871191323e-07,2.4723563365652303e-07,0.0,114,31014,46,33,4613,5.653371556737188e-06,0.001538014609303922,2.281185014122023e-06,1.6365022927397122e-06,0.00022876318413358462,76,False,76,False,65536,176,phase1b2_v1
data/raw/WiFI_and_MQTT/attacks/pcap/train/TCP_IP-DDoS-TCP2_train.pcap,TCP_IP-DDoS-TCP2_train.pcap,attacks,train,ATTACK,DDoS,DDoS_TCP,,,,DDoS_TCP_2,19700758,1260789131,42,1514,63.99698585201646,1662.5488979816437,1662.5488979816437,11849.731471908573,758347.0973579271,19654307,42104,4190,18,19696400,143,103,19,10,0,0.9976421719407954,0.0021371766507664322,0.00021268217192455235,9.136704283154994e-07,0.9997787902374111,7.258603958284244e-06,5.228225228694246e-06,9.644298965552492e-07,5.075946823974996e-07,0.0,184,162209,239,71812,16327,9.361815707875124e-06,0.008253101979123456,1.2160184533598667e-05,0.0036537538565974367,0.0008307085057743323,85,False,96,False,65536,45264,phase1b2_v1
data/raw/WiFI_and_MQTT/attacks/pcap/train/TCP_IP-DDoS-TCP3_train.pcap,TCP_IP-DDoS-TCP3_train.pcap,attacks,train,ATTACK,DDoS,DDoS_TCP,,,,DDoS_TCP_3,20399613,1249606204,42,1514,61.25636814776829,589.4996290206909,589.4996290206909,34604.96325313886,2119774.3687742674,20398490,537,585,1,20398972,55,0,0,0,0,0.9999449499360601,2.6324028794075652e-05,2.8677014608071243e-05,4.902053779157477e-08,0.9999685778352756,2.6961295785366126e-06,0.0,0.0,0.0,0.0,47,39828,45,29,6659,2.3040921166223578e-06,0.0019524974642730908,2.2060456435745977e-06,1.4216738591925188e-06,0.0003264457320125166,57,False,52,False,65536,104,phase1b2_v1
data/raw/WiFI_and_MQTT/attacks/pcap/train/TCP_IP-DDoS-TCP4_train.pcap,TCP_IP-DDoS-TCP4_train.pcap,attacks,train,ATTACK,DDoS,DDoS_TCP,,,,DDoS_TCP_4,20091019,1254543742,42,1514,62.443012074200915,862.1388862133026,862.1388862133026,23303.69192398226,1455152.7161826827,20074766,15234,795,8,20090155,60,214,1,0,0,0.9991910315748544,0.000758249245595756,3.9569919275871476e-05,3.981878669270085e-07,0.9999569957103719,2.9864090019525638e-06,1.0651525440297478e-05,4.9773483365876064e-08,0.0,0.0,66592,130856,103,65641,9251,0.003317199313805202,0.006518432145111928,5.130819457621573e-06,0.003269826407939201,0.0004608272893442444,79,False,78,False,65536,65535,phase1b2_v1
data/raw/WiFI_and_MQTT/attacks/pcap/train/TCP_IP-DDoS-UDP1_train.pcap,TCP_IP-DDoS-UDP1_train.pcap,attacks,train,ATTACK,DDoS,DDoS_UDP,,,,DDoS_UDP_1,20608951,1246256771,42,1514,60.471625702831744,353.28168988227844,353.28168988227844,58335.7462054356,3527657.4096304886,23938,20550859,481,0,20608434,36,33672,1,0,0,0.0011615341314557932,0.997181224798875,2.3339373265529137e-05,0.0,0.999974913812935,1.7468137994990624e-06,0.001633853173798123,4.852260554164062e-08,0.0,0.0,32,23919,40,15,3850,0.0013367866989723452,0.9992062828974851,0.0016709833737154314,0.0006266187651432868,0.16083214972011028,64,False,53,False,14630,17840,phase1b2_v1
data/raw/WiFI_and_MQTT/attacks/pcap/train/TCP_IP-DDoS-UDP2_train.pcap,TCP_IP-DDoS-UDP2_train.pcap,attacks,train,ATTACK,DDoS,DDoS_UDP,,,,DDoS_UDP_2,20722273,1244443622,42,1514,60.05343245888132,465.11784291267395,465.11784291267395,44552.73715201378,2675544.791416752,15693,20702733,430,0,20721819,20,3412,1,0,0,0.0007573010933694387,0.9990570532489366,2.0750619393924594e-05,0.0,0.9999780912065004,9.65145088089516e-07,0.00016465375202807145,4.82572544044758e-08,0.0,0.0,32,15686,27,5,3586,0.0020391257248454724,0.99955394124769,0.0017205123303383673,0.0003186133945071051,0.22850952654049575,65,False,48,False,14646,17860,phase1b2_v1
data/raw/WiFI_and_MQTT/attacks/pcap/train/TCP_IP-DDoS-UDP3_train.pcap,TCP_IP-DDoS-UDP3_train.pcap,attacks,train,ATTACK,DDoS,DDoS_UDP,,,,DDoS_UDP_3,20651397,1245577625,42,1514,60.31444870291342,338.28605699539185,338.28605699539185,61047.14212410272,3682024.7221036586,13258,20482269,516,30,20650817,34,155302,12,10,0,0.000641990466795055,0.991810336123992,2.4986203112554564e-05,1.4526862274741025e-06,0.9999719147329355,1.6463777244706495e-06,0.007520169216639436,5.81074490989641e-07,4.842287424913675e-07,0.0,544,12898,74,138,3797,0.041031829838588024,0.972846583195052,0.005581535676572635,0.01040880977523005,0.2863931211344094,74,False,70,False,14743,17868,phase1b2_v1
data/raw/WiFI_and_MQTT/attacks/pcap/train/TCP_IP-DDoS-UDP4_train.pcap,TCP_IP-DDoS-UDP4_train.pcap,attacks,train,ATTACK,DDoS,DDoS_UDP,,,,DDoS_UDP_4,20626463,1245976591,42,1514,60.40670138161836,549.6828229427338,549.6828229427338,37524.29972174858,2266719.1678460115,16795,20456444,630,28,20625753,49,152562,1,0,0,0.0008142452731716533,0.9917572392319517,3.054328800822516e-05,1.3574794670322295e-06,0.9999655781992288,2.3755890673064015e-06,0.0073964208017632494,4.8481409536865335e-08,0.0,0.0,487,16467,82,150,4286,0.028996725215838046,0.9804703780887168,0.00488240547782078,0.008931229532598988,0.25519499851146177,79,False,75,False,14907,18009,phase1b2_v1
data/raw/WiFI_and_MQTT/attacks/pcap/train/TCP_IP-DDoS-UDP5_train.pcap,TCP_IP-DDoS-UDP5_train.pcap,attacks,train,ATTACK,DDoS,DDoS_UDP,,,,DDoS_UDP_5,20543021,1247311662,42,1514,60.717051401544104,1407.6542789936066,1407.6542789936066,14593.797146474844,886092.3314862208,25614,20460202,4830,3,20538120,66,52368,2,0,0,0.001246846800185815,0.9959685092080663,0.00023511634437797633,1.4603499650805985e-07,0.999761427494038,3.2127699231773164e-06,0.0025491868990446926,9.735666433870656e-08,0.0,0.0,416,25304,78,100,8171,0.016241118138517998,0.9878972436948543,0.0030452096509721244,0.0039041149371437495,0.3190052315140158,73,False,71,False,14713,17767,phase1b2_v1
data/raw/WiFI_and_MQTT/attacks/pcap/train/TCP_IP-DDoS-UDP6_train.pcap,TCP_IP-DDoS-UDP6_train.pcap,attacks,train,ATTACK,DDoS,DDoS_UDP,,,,DDoS_UDP_6,20216876,1252529966,42,1514,61.954674203868095,355.95017313957214,355.95017313957214,56796.92700155741,3518835.108162368,29009,20186026,413,1,20216421,38,1424,0,0,0,0.0014348903361726115,0.998474047127756,2.0428477673800838e-05,4.946362632881559e-08,0.9999774940500203,1.8796178004949925e-06,7.04362038922334e-05,0.0,0.0,0.0,30,28990,31,10,4180,0.0010341618118514943,0.999345030852494,0.0010686338722465441,0.00034472060395049814,0.1440932124513082,61,False,60,False,14457,17468,phase1b2_v1
data/raw/WiFI_and_MQTT/attacks/pcap/train/TCP_IP-DDoS-UDP7_train.pcap,TCP_IP-DDoS-UDP7_train.pcap,attacks,train,ATTACK,DDoS,DDoS_UDP,,,,DDoS_UDP_7,19760583,1259830678,42,1514,63.754732236392016,1852.9495210647583,1852.9495210647583,10664.39359267866,679905.5579647226,92676,19661833,4789,71,19755488,231,1146,50,14,0,0.004689942599365616,0.9950026778056092,0.00024235114925505994,3.5930114005239623e-06,0.9997421634776666,1.1689938500296272e-05,5.799424035211916e-05,2.530289718678847e-06,7.084811212300771e-07,0.0,142,92539,141,53,16607,0.001532219776425396,0.9985217316241529,0.0015214294963097241,0.0005718848461306055,0.17919418188096162,87,False,95,False,14669,17425,phase1b2_v1
data/raw/WiFI_and_MQTT/attacks/pcap/train/TCP_IP-DDoS-UDP8_train.pcap,TCP_IP-DDoS-UDP8_train.pcap,attacks,train,ATTACK,DDoS,DDoS_UDP,,,,DDoS_UDP_8,20402619,1249558133,42,1514,61.24498688134107,326.0749189853668,326.0749189853668,62570.34139113166,3832119.7376608904,35661,20365164,457,7,20402120,34,1313,16,0,0,0.0017478638404216636,0.9981642062717536,2.23990851370601e-05,3.4309320778866674e-07,0.9999755423556163,1.6664527235449528e-06,6.43544831180742e-05,7.842130463740954e-07,0.0,0.0,30,35635,34,15,4070,0.0008412551526878103,0.999270912201004,0.0009534225063795183,0.00042062757634390513,0.11413028238131293,56,False,54,False,14612,17620,phase1b2_v1
data/raw/WiFI_and_MQTT/attacks/pcap/train/TCP_IP-DoS-ICMP1_train.pcap,TCP_IP-DoS-ICMP1_train.pcap,attacks,train,ATTACK,DoS,DoS_ICMP,,,,DoS_ICMP_1,10446280,671859538,42,1514,64.31567390496905,396.2420189380646,396.2420189380646,26363.38273259411,1695578.7268614145,10235,85626,285,8,10445927,57,10350100,18,5,0,0.0009797746183330333,0.008196793499695586,2.7282439298965756e-05,7.658228575148283e-07,0.9999662080664121,5.456487859793151e-06,0.990792894695528,1.7231014294083635e-06,4.786392859467676e-07,0.0,63,10179,37,30,4160,0.006155349291646311,0.9945285784074255,0.00361504640937958,0.0029311187103077674,0.4064484611626771,74,False,68,False,162,146,phase1b2_v1
data/raw/WiFI_and_MQTT/attacks/pcap/train/TCP_IP-DoS-ICMP2_train.pcap,TCP_IP-DoS-ICMP2_train.pcap,attacks,train,ATTACK,DoS,DoS_ICMP,,,,DoS_ICMP_2,9693860,683898230,42,1514,70.54962935301315,4032.10404586792,4032.10404586792,2404.169111145388,169613.23969327018,144719,25339,1796,130,9691682,244,9521854,9,5,0,0.014928934397649645,0.0026139226273125464,0.00018527191438704499,1.3410550595944236e-05,0.9997753216984772,2.517057188777226e-05,0.9822561910322617,9.284227335653702e-07,5.157904075363168e-07,0.0,157,144616,118,59,24023,0.001084861006502256,0.9992882759001928,0.0008153732405558358,0.0004076866202779179,0.16599755388027834,92,False,88,False,371,280,phase1b2_v1
data/raw/WiFI_and_MQTT/attacks/pcap/train/TCP_IP-DoS-ICMP3_train.pcap,TCP_IP-DoS-ICMP3_train.pcap,attacks,train,ATTACK,DoS,DoS_ICMP,,,,DoS_ICMP_3,10863247,665188077,42,1514,61.23289629702795,479.7344949245453,479.7344949245453,22644.28994564716,1386575.4579616454,26341,520,283,2,10862906,54,10836096,3,0,0,0.00242478146727217,4.786782441750611e-05,2.6051142904142748e-05,1.8410701699040812e-07,0.9999686097536031,4.970889458741019e-06,0.9975006551908467,2.761605254856122e-07,0.0,0.0,154,26268,92,112,6138,0.005846399149614669,0.9972286549485593,0.00349265403743214,0.004251926654265214,0.2330207661060704,62,False,56,False,142,122,phase1b2_v1
data/raw/WiFI_and_MQTT/attacks/pcap/train/TCP_IP-DoS-ICMP4_train.pcap,TCP_IP-DoS-ICMP4_train.pcap,attacks,train,ATTACK,DoS,DoS_ICMP,,,,DoS_ICMP_4,10607586,669278603,42,1514,63.09433673222164,1092.7118718624115,1092.7118718624115,9707.57824926025,612493.2109132168,41041,25310,803,9,10606697,74,10540401,10,9,0,0.0038690235459792645,0.002386028263169396,7.570054110331984e-05,8.484494021542696e-07,0.9999161920534984,6.976139528823995e-06,0.9936663252129184,9.427215579491885e-07,8.484494021542696e-07,0.0,49,41003,46,22,8405,0.0011939280231963159,0.9990740966350723,0.001120830389123072,0.0005360493165371214,0.2047952047952048,61,False,59,False,185,153,phase1b2_v1
data/raw/WiFI_and_MQTT/attacks/pcap/train/TCP_IP-DoS-SYN1_train.pcap,TCP_IP-DoS-SYN1_train.pcap,attacks,train,ATTACK,DoS,DoS_SYN,,,,DoS_SYN_1,11138638,722781837,42,1514,64.88960652101271,464.91738176345825,464.91738176345825,23958.316976127044,1554645.7614865832,11059182,79101,327,0,11138258,53,0,14,14,0,0.9928666323476892,0.00710149661026779,2.9357269712867946e-05,0.0,0.9999658845183765,4.758211910648321e-06,0.0,1.2568861650769151e-06,1.2568861650769151e-06,0.0,7427926,3759153,40,3592484,5384,0.6716523880337624,0.33991239135046336,3.616904035036226e-06,0.32484174688507705,0.00048683528311587604,56,False,58,False,65536,65536,phase1b2_v1
data/raw/WiFI_and_MQTT/attacks/pcap/train/TCP_IP-DoS-SYN2_train.pcap,TCP_IP-DoS-SYN2_train.pcap,attacks,train,ATTACK,DoS,DoS_SYN,,,,DoS_SYN_2,11160843,722426509,42,1514,64.72866870360957,767.370475769043,767.370475769043,14544.269492274683,941431.2015014638,11136883,23408,484,2,11160259,96,0,34,30,0,0.997853208758514,0.0020973326118824535,4.336589986974998e-05,1.791979333460743e-07,0.999947674203463,8.601500800611566e-06,0.0,3.046364866883263e-06,2.6879690001911145e-06,0.0,10347311,866944,54,728089,7669,0.9291029635491367,0.07784440224432636,4.84875346180794e-06,0.06537637146767188,0.0006886127833075018,84,False,83,False,65536,65536,phase1b2_v1
data/raw/WiFI_and_MQTT/attacks/pcap/train/TCP_IP-DoS-SYN3_train.pcap,TCP_IP-DoS-SYN3_train.pcap,attacks,train,ATTACK,DoS,DoS_SYN,,,,DoS_SYN_3,10813744,727980099,42,1514,67.31989392388057,1358.7917530536652,1358.7917530536652,7958.352687744723,535755.4587478046,10809237,3282,1086,11,10812510,133,98,16,10,0,0.9995832155819483,0.00030350265366000897,0.000100427751942343,1.0172240067824797e-06,0.9998858859614209,1.2299162991097255e-05,9.06254115133482e-06,1.4795985553199707e-06,9.247490970749816e-07,0.0,9213606,1618378,146,1491333,12486,0.8523826427341726,0.1497217611196794,1.350696631038805e-05,0.1379683875929448,0.0011551231599418164,94,False,89,False,65536,65536,phase1b2_v1
data/raw/WiFI_and_MQTT/attacks/pcap/train/TCP_IP-DoS-SYN4_train.pcap,TCP_IP-DoS-SYN4_train.pcap,attacks,train,ATTACK,DoS,DoS_SYN,,,,DoS_SYN_4,11059982,724040273,42,1514,65.4648690205825,1826.6071090698242,1826.6071090698242,6054.932089710387,396385.33618141233,11039653,18315,1540,23,11058250,166,411,27,10,0,0.9981619319091116,0.0016559701453402005,0.00013924073294151835,2.079569388087612e-06,0.999843399383471,1.5009066018371459e-05,3.7161000804522104e-05,2.441233629494153e-06,9.04160603516353e-07,0.0,10564018,517594,279,385625,16785,0.9569157653777705,0.04688498814229034,2.5272533475463404e-05,0.03493089864328163,0.001520428223604492,100,False,97,False,65536,65536,phase1b2_v1
data/raw/WiFI_and_MQTT/attacks/pcap/train/TCP_IP-DoS-TCP1_train.pcap,TCP_IP-DoS-TCP1_train.pcap,attacks,train,ATTACK,DoS,DoS_TCP,,,,DoS_TCP_1,9537689,604397019,42,1514,63.36933601001249,3430.7409207820892,3430.7409207820892,2780.0668194512746,176170.98841209454,9535079,1613,939,13,9536618,118,15,19,10,0,0.999726348804202,0.00016911853594722999,9.845152216642837e-05,1.3630136189175387e-06,0.9998877086472415,1.2371969771713043e-05,1.5727080218279292e-06,1.9920968276487103e-06,1.0484720145519528e-06,0.0,624,62567,280,119,14442,6.544256214342849e-05,0.006561770489788286,2.936525224384612e-05,1.24802322036346e-05,0.0015146177603772345,92,False,85,False,65536,361,phase1b2_v1
data/raw/WiFI_and_MQTT/attacks/pcap/train/TCP_IP-DoS-TCP2_train.pcap,TCP_IP-DoS-TCP2_train.pcap,attacks,train,ATTACK,DoS,DoS_TCP,,,,DoS_TCP_2,9548514,604223754,42,1514,63.279349435943644,2660.180436849594,2660.180436849594,3589.4234344900833,227136.37978466295,9507171,40746,526,2,9547894,88,60,5,0,0,0.9956702163289491,0.004267260853364199,5.5087105700426266e-05,2.0945667566702003e-07,0.9999350684305433,9.21609372934888e-06,6.283700270010601e-06,5.236416891675501e-07,0.0,0.0,128,37744,46,33,9087,1.3463521377705313e-05,0.003970055866250854,4.838452995112847e-06,3.471064105189651e-06,0.0009558048340563139,71,False,64,False,65536,197,phase1b2_v1
data/raw/WiFI_and_MQTT/attacks/pcap/train/TCP_IP-DoS-TCP3_train.pcap,TCP_IP-DoS-TCP3_train.pcap,attacks,train,ATTACK,DoS,DoS_TCP,,,,DoS_TCP_3,9592792,603515317,42,1514,62.91341634427182,521.5179560184479,521.5179560184479,18393.98220003123,1157228.2603796897,9589749,2427,276,0,9592470,43,335,2,0,0,0.9996827826559775,0.0002530024626823974,2.8771602678344323e-05,0.0,0.9999664331302086,4.4825323013362535e-06,3.4922053975526626e-05,2.0848987448075597e-07,0.0,0.0,133,41950,100,47,6704,1.3868976132743412e-05,0.004374462772696136,1.0427801603566476e-05,4.9010667536762435e-06,0.0006990798195030965,87,False,79,False,65536,207,phase1b2_v1
data/raw/WiFI_and_MQTT/attacks/pcap/train/TCP_IP-DoS-TCP4_train.pcap,TCP_IP-DoS-TCP4_train.pcap,attacks,train,ATTACK,DoS,DoS_TCP,,,,DoS_TCP_4,9345102,607478372,42,1514,65.00500176456073,1285.898549079895,1285.898549079895,7267.371136460761,472415.47354934947,9339926,3968,1099,9,9343899,92,76,11,10,0,0.9994461269657624,0.000424607457468094,0.00011760171264048268,9.630713501040438e-07,0.9998712694628694,9.844729356619114e-06,8.132602511989703e-06,1.1770872056827202e-06,1.070079277893382e-06,0.0,200,72086,182,203,11699,2.1413445888115174e-05,0.007718048301453352,1.9486235758184808e-05,2.17346475764369e-05,0.001252579517225297,101,False,97,False,65536,311,phase1b2_v1
data/raw/WiFI_and_MQTT/attacks/pcap/train/TCP_IP-DoS-UDP1_train.pcap,TCP_IP-DoS-UDP1_train.pcap,attacks,train,ATTACK,DoS,DoS_UDP,,,,DoS_UDP_1,13695288,926875399,42,1514,67.67841603623086,1374.8183941841125,1374.8183941841125,9961.525142473442,674180.2429476915,125173,13565939,1113,70,13693987,115,2970,20,0,0,0.009139858906216504,0.9905552187000376,8.126882764349315e-05,5.111247021603343e-06,0.9999050038232128,8.397048678348349e-06,0.0002168629093451704,1.4603562918866694e-06,0.0,0.0,416,124770,382,253,15318,0.003323400413827263,0.9967804558491048,0.003051776341543304,0.0020212026555247536,0.122374633507226,114,False,106,False,11153,12590,phase1b2_v1
data/raw/WiFI_and_MQTT/attacks/pcap/train/TCP_IP-DoS-UDP2_train.pcap,TCP_IP-DoS-UDP2_train.pcap,attacks,train,ATTACK,DoS,DoS_UDP,,,,DoS_UDP_2,14043139,921309790,42,1514,65.60568758879336,70597.63745689392,70597.63745689392,198.9179738284383,13050.150446784297,108691,13932546,1155,12,14041830,137,705,18,7,0,0.007739793788269132,0.9921247664072826,8.224656894729875e-05,8.545098072446623e-07,0.9999067872218598,9.755653632709895e-06,5.020245117562391e-05,1.2817647108669935e-06,4.98464054226053e-07,0.0,182,108549,173,63,13457,0.0016744716673873642,0.9986935440836868,0.0015916681233956813,0.0005796248079417799,0.12380969905511956,92,False,90,False,11209,12796,phase1b2_v1
data/raw/WiFI_and_MQTT/attacks/pcap/train/TCP_IP-DoS-UDP3_train.pcap,TCP_IP-DoS-UDP3_train.pcap,attacks,train,ATTACK,DoS,DoS_UDP,,,,DoS_UDP_3,14608427,912265187,42,1514,62.447872519060404,617.1217551231384,617.1217551231384,23671.87168289843,1478258.025141197,53460,14553740,590,1,14607766,69,617,13,5,0,0.003659531584064458,0.9962564757998927,4.0387647485933974e-05,6.845363980666775e-08,0.9999547521440878,4.723301146660075e-06,4.2235895760714e-05,8.898973174866808e-07,3.422681990333388e-07,0.0,45,53430,44,16,7979,0.0008417508417508417,0.999438832772166,0.0008230452674897119,0.00029928918817807707,0.1492517770295548,59,False,58,False,11395,13154,phase1b2_v1
data/raw/WiFI_and_MQTT/attacks/pcap/train/TCP_IP-DoS-UDP4_train.pcap,TCP_IP-DoS-UDP4_train.pcap,attacks,train,ATTACK,DoS,DoS_UDP,,,,DoS_UDP_4,14324896,916801716,42,1514,64.00058443705281,3775.9818229675293,3775.9818229675293,3793.6877537037826,242798.23340873214,77763,13884774,2130,50,14322492,218,360120,42,11,0,0.0054285210866452365,0.9692757280750939,0.00014869217898684918,3.4904267367804973e-06,0.9998321802824955,1.5218260572362968e-05,0.025139449528987855,2.931958458895618e-06,7.678938820917095e-07,0.0,861,77198,232,269,24387,0.011072103699702943,0.992734333809138,0.002983423993415892,0.0034592286820210125,0.3136067281354886,126,False,130,False,11496,13061,phase1b2_v1
data/raw/WiFI_and_MQTT/profiling/PCAP/Active/Active.pcap,Active.pcap,profiling,train,BENIGN,,,active,standard,,Active,1040643,389412628,54,8754,374.2038604977884,1567226.8889257908,1567226.8889257908,0.6640027728935137,248.4724009979891,609211,405780,17339,103,1021613,1417,7855,169,15,0,0.5854178618411886,0.3899319939691133,0.0166618138977536,9.897726693976704e-05,0.9817132292246237,0.0013616581286762127,0.007548217784581264,0.00016239959332835563,1.441416508831559e-05,0.0,10927,601449,9800,6072,210256,0.01793631434757416,0.9872589299930566,0.016086380580783998,0.009966990090461269,0.3451283709585021,208,False,218,False,10859,9675,phase1b2_v1
data/raw/WiFI_and_MQTT/profiling/PCAP/Broker/ActiveBroker.pcap,ActiveBroker.pcap,profiling,train,BENIGN,,,active,active_broker,,ActiveBroker,1981055,158155845,42,718,79.83415150008454,1567191.132315874,1567191.132315874,1.2640800213516712,100.91675593281944,1921550,13276,46090,0,1929478,5378,0,30,0,0,0.9699629742738086,0.006701479767093796,0.023265381324597247,0.0,0.9739648823480418,0.0027147151391556518,0.0,1.5143446295029669e-05,0.0,0.0,0,1921550,0,0,965364,0.0,1.0,0.0,0.0,0.5023881762119122,23,False,24,False,552,67,phase1b2_v1
data/raw/WiFI_and_MQTT/profiling/PCAP/Idle/Idle.pcap,Idle.pcap,profiling,train,BENIGN,,,idle,,,Idle,328923,68452443,54,2962,208.11084357129175,133199.55901312828,133199.55901312828,2.4694000673649454,513.9089311343234,196486,112957,12184,18,314681,1842,6952,116,12,0,0.5973616925541844,0.34341472016246966,0.03704210407907018,5.47240539579172e-05,0.9567011124184079,0.00560009485502686,0.021135645728635577,0.00035266612550657753,3.6482702638611466e-05,0.0,8400,190667,7646,5075,81244,0.042751137485622384,0.9703846584489481,0.03891371395417485,0.025828812230896857,0.4134849302240363,67,False,69,False,8634,8071,phase1b2_v1
data/raw/WiFI_and_MQTT/profiling/PCAP/Interactions/Blink_Camera/Blink_Camera_LAN_MIC.pcap,Blink_Camera_LAN_MIC.pcap,profiling,train,BENIGN,,,interaction,,Blink_Camera,Blink_Camera_LAN_MIC,21455,15978759,60,2974,744.7568865066418,349.36821603775024,349.36821603775024,61.41085254785091,45736.15534125591,21455,0,0,0,21455,0,0,0,0,0,1.0,0.0,0.0,0.0,1.0,0.0,0.0,0.0,0.0,0.0,6,21452,0,0,15116,0.00027965509205313445,0.9998601724539734,0.0,0.0,0.7045443952458634,5,False,5,False,5,5,phase1b2_v1
data/raw/WiFI_and_MQTT/profiling/PCAP/Interactions/Blink_Camera/Blink_Camera_LAN_WATCH.pcap,Blink_Camera_LAN_WATCH.pcap,profiling,train,BENIGN,,,interaction,,Blink_Camera,Blink_Camera_LAN_WATCH,18821,13687871,60,1451,727.2658732267148,363.34905910491943,363.34905910491943,51.79867548402076,37671.40895787358,18821,0,0,0,18821,0,0,0,0,0,1.0,0.0,0.0,0.0,1.0,0.0,0.0,0.0,0.0,0.0,8,18809,4,8,11102,0.0004250571170501036,0.9993624143244249,0.0002125285585250518,0.0004250571170501036,0.5898730141862812,6,False,6,False,6,6,phase1b2_v1
data/raw/WiFI_and_MQTT/profiling/PCAP/Interactions/Blink_Camera/Blink_Camera_WAN_MIC.pcap,Blink_Camera_WAN_MIC.pcap,profiling,train,BENIGN,,,interaction,,Blink_Camera,Blink_Camera_WAN_MIC,22173,15991354,60,2974,721.2084066206647,324.9942169189453,324.9942169189453,68.22582940154292,49205.041713060076,22173,0,0,0,22173,0,0,0,0,0,1.0,0.0,0.0,0.0,1.0,0.0,0.0,0.0,0.0,0.0,6,22170,0,0,15184,0.00027059937762143147,0.9998647003111892,0.0,0.0,0.6847968249673025,5,False,5,False,5,5,phase1b2_v1
data/raw/WiFI_and_MQTT/profiling/PCAP/Interactions/Blink_Camera/Blink_Camera_WAN_WATCH.pcap,Blink_Camera_WAN_WATCH.pcap,profiling,train,BENIGN,,,interaction,,Blink_Camera,Blink_Camera_WAN_WATCH,15857,10933084,60,1451,689.4799772970928,366.92230701446533,366.92230701446533,43.21623323755801,29796.72751149736,15857,0,0,0,15857,0,0,0,0,0,1.0,0.0,0.0,0.0,1.0,0.0,0.0,0.0,0.0,0.0,8,15852,4,1,8996,0.0005045090496310778,0.9996846818439806,0.0002522545248155389,6.306363120388472e-05,0.5673204263101469,5,False,5,False,6,6,phase1b2_v1
data/raw/WiFI_and_MQTT/profiling/PCAP/Interactions/Ecobee_Camera/Ecobee_Camera_LAN_MIC.pcap,Ecobee_Camera_LAN_MIC.pcap,profiling,train,BENIGN,,,interaction,,Ecobee_Camera,Ecobee_Camera_LAN_MIC,38731,15092420,60,2962,389.6728718597506,348.44771003723145,348.44771003723145,111.15297614055669,43313.299428449056,1032,37617,22,0,38707,2,58,2,0,0,0.026645322867986883,0.9712375100049057,0.0005680204487361545,0.0,0.9993803413286515,5.1638222612377685e-05,0.0014975084557589528,5.1638222612377685e-05,0.0,0.0,26,1011,27,16,473,0.025193798449612403,0.9796511627906976,0.02616279069767442,0.015503875968992248,0.4583333333333333,19,False,20,False,91,98,phase1b2_v1
data/raw/WiFI_and_MQTT/profiling/PCAP/Interactions/Ecobee_Camera/Ecobee_Camera_LAN_WATCH.pcap,Ecobee_Camera_LAN_WATCH.pcap,profiling,train,BENIGN,,,interaction,,Ecobee_Camera,Ecobee_Camera_LAN_WATCH,36647,11157943,60,5778,304.4708434523972,1115.1101219654083,1115.1101219654083,32.864018788932505,10006.135519901709,1364,35215,18,0,36629,0,50,0,0,0,0.037219963434933286,0.9609244958659645,0.0004911725379976533,0.0,0.9995088274620023,0.0,0.0013643681611045925,0.0,0.0,0.0,24,1345,19,15,505,0.017595307917888565,0.9860703812316716,0.013929618768328446,0.010997067448680353,0.37023460410557185,16,False,17,False,93,100,phase1b2_v1
data/raw/WiFI_and_MQTT/profiling/PCAP/Interactions/Ecobee_Camera/Ecobee_Camera_WAN_MIC.pcap,Ecobee_Camera_WAN_MIC.pcap,profiling,train,BENIGN,,,interaction,,Ecobee_Camera,Ecobee_Camera_WAN_MIC,35853,14209679,60,2962,396.3316598332078,359.74331998825073,359.74331998825073,99.66272619369545,39499.49369584984,1274,34545,0,0,35853,0,34,0,0,0,0.035533985998382284,0.9635176972638273,0.0,0.0,1.0,0.0,0.000948316737790422,0.0,0.0,0.0,21,1251,18,18,438,0.016483516483516484,0.9819466248037677,0.0141287284144427,0.0141287284144427,0.34379905808477235,16,False,20,False,85,70,phase1b2_v1
data/raw/WiFI_and_MQTT/profiling/PCAP/Interactions/Ecobee_Camera/Ecobee_Camera_WAN_WATCH.pcap,Ecobee_Camera_WAN_WATCH.pcap,profiling,train,BENIGN,,,interaction,,Ecobee_Camera,Ecobee_Camera_WAN_WATCH,33376,10278261,60,2962,307.95364932885906,387.39066195487976,387.39066195487976,86.15592289079848,26532.030865517176,1030,32291,0,0,33376,0,55,0,0,0,0.030860498561840845,0.9674916107382551,0.0,0.0,1.0,0.0,0.0016478906999041227,0.0,0.0,0.0,24,1010,20,20,506,0.02330097087378641,0.9805825242718447,0.019417475728155338,0.019417475728155338,0.4912621359223301,16,False,17,False,91,94,phase1b2_v1
data/raw/WiFI_and_MQTT/profiling/PCAP/Interactions/M1T_Camera/M1T_Camera_LAN_MIC.pcap,M1T_Camera_LAN_MIC.pcap,profiling,train,BENIGN,,,interaction,,M1T_Camera,M1T_Camera_LAN_MIC,16106,7093892,60,1308,440.45026698124923,473.64202308654785,473.64202308654785,34.00458408450167,14977.3281386051,151,15926,12,0,16094,0,17,0,0,0,0.009375388054141313,0.9888240407301627,0.0007450639513224885,0.0,0.9992549360486775,0.0,0.0010555072643735255,0.0,0.0,0.0,2,150,2,0,82,0.013245033112582781,0.9933774834437086,0.013245033112582781,0.0,0.543046357615894,6,False,6,False,12,13,phase1b2_v1
data/raw/WiFI_and_MQTT/profiling/PCAP/Interactions/M1T_Camera/M1T_Camera_LAN_PHOTO.pcap,M1T_Camera_LAN_PHOTO.pcap,profiling,train,BENIGN,,,interaction,,M1T_Camera,M1T_Camera_LAN_PHOTO,1439,948068,60,1242,658.8380820013898,266.46105003356934,266.46105003356934,5.400414056083288,3557.9984387232594,20,1419,0,0,1439,0,0,0,0,0,0.01389854065323141,0.9861014593467686,0.0,0.0,1.0,0.0,0.0,0.0,0.0,0.0,0,20,0,0,11,0.0,1.0,0.0,0.0,0.55,2,False,3,False,3,3,phase1b2_v1
data/raw/WiFI_and_MQTT/profiling/PCAP/Interactions/M1T_Camera/M1T_Camera_LAN_PRECORDING.pcap,M1T_Camera_LAN_PRECORDING.pcap,profiling,train,BENIGN,,,interaction,,M1T_Camera,M1T_Camera_LAN_PRECORDING,8484,4453266,60,1242,524.9016973125885,355.7326910495758,355.7326910495758,23.849368397850306,12518.573951864833,95,8365,8,0,8476,0,16,0,0,0,0.011197548326261197,0.985973597359736,0.000942951438000943,0.0,0.9990570485619991,0.0,0.001885902876001886,0.0,0.0,0.0,0,95,0,0,52,0.0,1.0,0.0,0.0,0.5473684210526316,5,False,5,False,5,5,phase1b2_v1
data/raw/WiFI_and_MQTT/profiling/PCAP/Interactions/M1T_Camera/M1T_Camera_LAN_WATCH.pcap,M1T_Camera_LAN_WATCH.pcap,profiling,train,BENIGN,,,interaction,,M1T_Camera,M1T_Camera_LAN_WATCH,11865,3738021,60,1474,315.04601769911505,278.2575659751892,278.2575659751892,42.6403499880321,13433.672457026021,251,11570,16,0,11849,0,28,0,0,0,0.02115465655288664,0.9751369574378423,0.00134850400337126,0.0,0.9986514959966287,0.0,0.002359882005899705,0.0,0.0,0.0,8,242,9,4,116,0.03187250996015936,0.9641434262948207,0.035856573705179286,0.01593625498007968,0.46215139442231074,15,False,22,False,38,27,phase1b2_v1
data/raw/WiFI_and_MQTT/profiling/PCAP/Interactions/M1T_Camera/M1T_Camera_WAN_MIC.pcap,M1T_Camera_WAN_MIC.pcap,profiling,train,BENIGN,,,interaction,,M1T_Camera,M1T_Camera_WAN_MIC,17354,7479904,60,1300,431.01901578886714,327.21547198295593,327.21547198295593,53.035389478477775,22859.26137499273,200,17106,0,0,17354,0,48,0,0,0,0.011524720525527256,0.9857093465483462,0.0,0.0,1.0,0.0,0.0027659329261265414,0.0,0.0,0.0,6,194,7,3,99,0.03,0.97,0.035,0.015,0.495,8,False,8,False,16,16,phase1b2_v1
data/raw/WiFI_and_MQTT/profiling/PCAP/Interactions/M1T_Camera/M1T_Camera_WAN_PHOTO.pcap,M1T_Camera_WAN_PHOTO.pcap,profiling,train,BENIGN,,,interaction,,M1T_Camera,M1T_Camera_WAN_PHOTO,5769,1419862,62,1308,246.11925810365747,160.4441590309143,160.4441590309143,35.956435153793485,8849.571144103922,111,5624,0,0,5769,0,34,0,0,0,0.01924076963078523,0.9748656612931184,0.0,0.0,1.0,0.0,0.005893569076096377,0.0,0.0,0.0,6,108,6,0,50,0.05405405405405406,0.972972972972973,0.05405405405405406,0.0,0.45045045045045046,7,False,7,False,16,16,phase1b2_v1
data/raw/WiFI_and_MQTT/profiling/PCAP/Interactions/M1T_Camera/M1T_Camera_WAN_RECORDING.pcap,M1T_Camera_WAN_RECORDING.pcap,profiling,train,BENIGN,,,interaction,,M1T_Camera,M1T_Camera_WAN_RECORDING,16442,6113724,62,1308,371.8357864006812,366.20899987220764,366.20899987220764,44.897858888606244,16694.630667551715,207,16155,0,0,16442,0,80,0,0,0,0.012589709281109354,0.9825447025909256,0.0,0.0,1.0,0.0,0.004865588127964968,0.0,0.0,0.0,7,203,7,0,106,0.033816425120772944,0.9806763285024155,0.033816425120772944,0.0,0.5120772946859904,8,False,8,False,16,16,phase1b2_v1
data/raw/WiFI_and_MQTT/profiling/PCAP/Interactions/M1T_Camera/M1T_Camera_WAN_WATCH.pcap,M1T_Camera_WAN_WATCH.pcap,profiling,train,BENIGN,,,interaction,,M1T_Camera,M1T_Camera_WAN_WATCH,15752,5748608,62,1300,364.9446419502285,386.8896310329437,386.8896310329437,40.714453778314656,14858.521756326172,212,15499,0,0,15752,0,41,0,0,0,0.01345860843067547,0.9839385474860335,0.0,0.0,1.0,0.0,0.002602844083291011,0.0,0.0,0.0,4,210,8,0,108,0.018867924528301886,0.9905660377358491,0.03773584905660377,0.0,0.5094339622641509,9,False,9,False,16,16,phase1b2_v1
data/raw/WiFI_and_MQTT/profiling/PCAP/Interactions/Owltron_Camera/Owltron_Camera_LAN_MIC.pcap,Owltron_Camera_LAN_MIC.pcap,profiling,train,BENIGN,,,interaction,,Owltron_Camera,Owltron_Camera_LAN_MIC,38911,28918425,60,2498,743.194083935134,312.82992696762085,312.82992696762085,124.38387969200735,92441.36352399933,1170,37671,0,0,38911,0,70,0,0,0,0.030068618128549766,0.9681324047184601,0.0,0.0,1.0,0.0,0.001798977152990157,0.0,0.0,0.0,16,1156,9,6,573,0.013675213675213675,0.9880341880341881,0.007692307692307693,0.005128205128205128,0.4897435897435897,14,False,15,False,29,35,phase1b2_v1
data/raw/WiFI_and_MQTT/profiling/PCAP/Interactions/Owltron_Camera/Owltron_Camera_LAN_PHOTO.pcap,Owltron_Camera_LAN_PHOTO.pcap,profiling,train,BENIGN,,,interaction,,Owltron_Camera,Owltron_Camera_LAN_PHOTO,8810,6385740,66,1607,724.8286038592508,144.10963606834412,144.10963606834412,61.13401046840372,44311.679456129896,571,8162,0,0,8810,0,77,0,0,0,0.06481271282633372,0.9264472190692395,0.0,0.0,1.0,0.0,0.008740068104426789,0.0,0.0,0.0,16,563,0,0,284,0.028021015761821366,0.9859894921190894,0.0,0.0,0.4973730297723292,18,False,19,False,30,35,phase1b2_v1
data/raw/WiFI_and_MQTT/profiling/PCAP/Interactions/Owltron_Camera/Owltron_Camera_LAN_RECORDING.pcap,Owltron_Camera_LAN_RECORDING.pcap,profiling,train,BENIGN,,,interaction,,Owltron_Camera,Owltron_Camera_LAN_RECORDING,36662,27931105,60,2498,761.8543723746659,319.15631198883057,319.15631198883057,114.87161188052283,87515.43977290193,1190,35395,0,0,36662,0,77,0,0,0,0.03245867655883476,0.9654410561344171,0.0,0.0,1.0,0.0,0.0021002673067481315,0.0,0.0,0.0,12,1178,9,6,583,0.010084033613445379,0.9899159663865547,0.007563025210084034,0.005042016806722689,0.4899159663865546,14,False,15,False,27,33,phase1b2_v1
data/raw/WiFI_and_MQTT/profiling/PCAP/Interactions/Owltron_Camera/Owltron_Camera_LAN_WATCH.pcap,Owltron_Camera_LAN_WATCH.pcap,profiling,train,BENIGN,,,interaction,,Owltron_Camera,Owltron_Camera_LAN_WATCH,30605,21689566,60,2498,708.6935468060774,311.80351996421814,311.80351996421814,98.15476106078648,69561.64575207184,1864,28644,0,0,30605,0,97,0,0,0,0.06090508086913903,0.9359255023688939,0.0,0.0,1.0,0.0,0.003169416761966999,0.0,0.0,0.0,20,1848,8,6,930,0.01072961373390558,0.9914163090128756,0.004291845493562232,0.003218884120171674,0.4989270386266094,20,False,21,False,40,49,phase1b2_v1
data/raw/WiFI_and_MQTT/profiling/PCAP/Interactions/Owltron_Camera/Owltron_Camera_WAN_MIC.pcap,Owltron_Camera_WAN_MIC.pcap,profiling,train,BENIGN,,,interaction,,Owltron_Camera,Owltron_Camera_WAN_MIC,37326,27845558,60,2498,746.0096983336012,284.6806478500366,284.6806478500366,131.11534023086284,97813.31541253347,1023,36225,50,0,37276,0,28,0,0,0,0.027407169265391416,0.9705031345442855,0.0013395488399507046,0.0,0.9986604511600493,0.0,0.0007501473503723946,0.0,0.0,0.0,8,1015,8,4,465,0.007820136852394917,0.9921798631476051,0.007820136852394917,0.0039100684261974585,0.45454545454545453,13,False,15,False,23,23,phase1b2_v1
data/raw/WiFI_and_MQTT/profiling/PCAP/Interactions/Owltron_Camera/Owltron_Camera_WAN_PHOTO.pcap,Owltron_Camera_WAN_PHOTO.pcap,profiling,train,BENIGN,,,interaction,,Owltron_Camera,Owltron_Camera_WAN_PHOTO,5695,4338839,60,1591,761.8681299385426,122.60379099845886,122.60379099845886,46.45043969375781,35389.10962430631,188,5469,0,1,5694,0,37,0,0,0,0.03301141352063213,0.9603160667251975,0.0,0.0001755926251097454,0.9998244073748902,0.0,0.0064969271290605795,0.0,0.0,0.0,4,186,0,0,90,0.02127659574468085,0.9893617021276596,0.0,0.0,0.4787234042553192,10,False,11,False,14,15,phase1b2_v1
data/raw/WiFI_and_MQTT/profiling/PCAP/Interactions/Owltron_Camera/Owltron_Camera_WAN_RECORDING.pcap,Owltron_Camera_WAN_RECORDING.pcap,profiling,train,BENIGN,,,interaction,,Owltron_Camera,Owltron_Camera_WAN_RECORDING,40120,31722718,60,2498,790.6958624127617,634.2158920764923,634.2158920764923,63.259215830500125,50018.80021665232,1325,38731,0,0,40120,0,64,0,0,0,0.0330259222333001,0.9653788634097706,0.0,0.0,1.0,0.0,0.0015952143569292123,0.0,0.0,0.0,12,1313,9,6,642,0.009056603773584906,0.9909433962264151,0.006792452830188679,0.004528301886792453,0.48452830188679247,13,False,14,False,26,28,phase1b2_v1
data/raw/WiFI_and_MQTT/profiling/PCAP/Interactions/Owltron_Camera/Owltron_Camera_WAN_WATCH.pcap,Owltron_Camera_WAN_WATCH.pcap,profiling,train,BENIGN,,,interaction,,Owltron_Camera,Owltron_Camera_WAN_WATCH,35040,26353280,60,2498,752.0913242009133,291.52168107032776,291.52168107032776,120.19689194762438,90399.0396297229,1248,33728,0,0,35040,0,64,0,0,0,0.03561643835616438,0.9625570776255707,0.0,0.0,1.0,0.0,0.0018264840182648401,0.0,0.0,0.0,14,1233,11,8,594,0.011217948717948718,0.9879807692307693,0.008814102564102564,0.00641025641025641,0.47596153846153844,16,False,17,False,29,32,phase1b2_v1
data/raw/WiFI_and_MQTT/profiling/PCAP/Interactions/Singcall/Singcall_LAN_PHYSICAL.pcap,Singcall_LAN_PHYSICAL.pcap,profiling,train,BENIGN,,,interaction,,Singcall,Singcall_LAN_PHYSICAL,419,55544,60,725,132.56324582338902,258.992290019989,258.992290019989,1.6178087771171166,214.46198261621268,377,12,27,3,389,0,0,0,0,0,0.8997613365155132,0.028639618138424822,0.06443914081145585,0.007159904534606206,0.9284009546539379,0.0,0.0,0.0,0.0,0.0,39,357,31,29,191,0.10344827586206896,0.946949602122016,0.08222811671087533,0.07692307692307693,0.506631299734748,5,False,6,False,19,18,phase1b2_v1
data/raw/WiFI_and_MQTT/profiling/PCAP/Interactions/Singcall/Singcall_WAN_PHYSICAL.pcap,Singcall_WAN_PHYSICAL.pcap,profiling,train,BENIGN,,,interaction,,Singcall,Singcall_WAN_PHYSICAL,334,46282,60,725,138.5688622754491,234.947026014328,234.947026014328,1.4215970538806963,196.9890863703784,298,11,22,3,309,0,0,0,0,0,0.8922155688622755,0.03293413173652695,0.0658682634730539,0.008982035928143712,0.9251497005988024,0.0,0.0,0.0,0.0,0.0,31,282,25,27,139,0.1040268456375839,0.9463087248322147,0.08389261744966443,0.09060402684563758,0.4664429530201342,4,False,5,False,14,13,phase1b2_v1
data/raw/WiFI_and_MQTT/profiling/PCAP/Power/Blink_Mini_Camera_Power.pcap,Blink_Mini_Camera_Power.pcap,profiling,train,BENIGN,,,power,,Blink_Camera,Blink_Camera_Power,568,84861,60,2241,149.4031690140845,1938.0655620098114,1938.0655620098114,0.29307574064262976,43.78644441315881,523,36,6,3,559,0,0,0,0,0,0.920774647887324,0.06338028169014084,0.01056338028169014,0.00528169014084507,0.9841549295774648,0.0,0.0,0.0,0.0,0.0,24,506,27,5,249,0.045889101338432124,0.9674952198852772,0.05162523900573614,0.009560229445506692,0.47609942638623326,11,False,11,False,28,28,phase1b2_v1
data/raw/WiFI_and_MQTT/profiling/PCAP/Power/Ecobee_Camera_Power.pcap,Ecobee_Camera_Power.pcap,profiling,train,BENIGN,,,power,,Ecobee_Camera,Ecobee_Camera_Power,2651,1319908,60,2922,497.8906073179932,1661.3190698623657,1661.3190698623657,1.595719960175757,794.4939800813517,2338,241,21,3,2534,93,0,42,6,0,0.8819313466616371,0.09090909090909091,0.007921539041870993,0.001131648434552999,0.955865711052433,0.03508110147114297,0.0,0.015843078083741986,0.002263296869105998,0.0,66,2284,123,27,544,0.028229255774165955,0.9769033361847733,0.05260906757912746,0.011548331907613344,0.23267750213858,13,False,17,False,89,89,phase1b2_v1
data/raw/WiFI_and_MQTT/profiling/PCAP/Power/M1T_Camera_Power.pcap,M1T_Camera_Power.pcap,profiling,train,BENIGN,,,power,,M1T_Camera,M1T_Camera_Power,413,118234,60,2962,286.2808716707022,1156.0738179683685,1156.0738179683685,0.35724362370370727,102.27201599269763,314,72,6,3,404,0,12,0,6,0,0.7602905569007264,0.17433414043583534,0.014527845036319613,0.007263922518159807,0.9782082324455206,0.0,0.029055690072639227,0.0,0.014527845036319613,0.0,24,301,19,1,138,0.07643312101910828,0.9585987261146497,0.06050955414012739,0.0031847133757961785,0.4394904458598726,7,False,9,False,47,47,phase1b2_v1
data/raw/WiFI_and_MQTT/profiling/PCAP/Power/Owltron_Camera_Power.pcap,Owltron_Camera_Power.pcap,profiling,train,BENIGN,,,power,,Owltron_Camera,Owltron_Camera_Power,1207,250735,60,2962,207.73405136702567,1693.3783118724823,1693.3783118724823,0.712776342733089,148.0679173945162,1087,103,14,3,1190,0,0,0,0,0,0.9005799502899752,0.08533554266777134,0.0115990057995029,0.0024855012427506215,0.9859154929577465,0.0,0.0,0.0,0.0,0.0,64,997,73,58,489,0.05887764489420423,0.9172033118675254,0.0671573137074517,0.05335786568537258,0.44986200551977923,9,False,9,False,38,36,phase1b2_v1
data/raw/WiFI_and_MQTT/profiling/PCAP/Power/Singcall_Power.pcap,Singcall_Power.pcap,profiling,train,BENIGN,,,power,,Singcall,Singcall_Power,506,71405,60,1147,141.11660079051384,1586.0621848106384,1586.0621848106384,0.3190291054448233,45.02030291361187,455,8,39,4,463,0,0,0,0,0,0.8992094861660079,0.015810276679841896,0.07707509881422925,0.007905138339920948,0.9150197628458498,0.0,0.0,0.0,0.0,0.0,47,436,40,35,206,0.10329670329670329,0.9582417582417583,0.08791208791208792,0.07692307692307693,0.45274725274725275,9,False,10,False,22,22,phase1b2_v1
